pid,user,database,event_type,session_duration_sec,query_command,query_text,timestamp
7002,,,LOG,0.0,,,2025-10-04 20:59:26.037000+07:00
7002,,,LOG,0.0,,,2025-10-04 20:59:26.038000+07:00
7002,,,LOG,0.0,,,2025-10-04 20:59:26.038000+07:00
7002,,,LOG,0.0,,,2025-10-04 20:59:26.041000+07:00
7009,,,LOG,0.0,,,2025-10-04 20:59:26.092000+07:00
7002,,,LOG,0.0,,,2025-10-04 20:59:26.121000+07:00
7013,[unknown],[unknown],CONNECT_RECEIVED,0.0,,,2025-10-04 20:59:26.710000+07:00
7016,[unknown],[unknown],CONNECT_RECEIVED,0.0,,,2025-10-04 20:59:27.262000+07:00
7016,postgres,template1,LOG,0.0,,,2025-10-04 20:59:27.268000+07:00
7016,postgres,template1,CONNECT_AUTHORIZED,0.0,,,2025-10-04 20:59:27.268000+07:00
7016,postgres,template1,DISCONNECT,0.083,,,2025-10-04 20:59:27.344000+07:00
7019,[unknown],[unknown],CONNECT_RECEIVED,0.0,,,2025-10-04 20:59:27.876000+07:00
7019,postgres,template1,LOG,0.0,,,2025-10-04 20:59:27.882000+07:00
7019,postgres,template1,CONNECT_AUTHORIZED,0.0,,,2025-10-04 20:59:27.882000+07:00
7019,postgres,template1,DISCONNECT,0.016,,,2025-10-04 20:59:27.892000+07:00
7022,[unknown],[unknown],CONNECT_RECEIVED,0.0,,,2025-10-04 20:59:28.415000+07:00
7022,postgres,template1,LOG,0.0,,,2025-10-04 20:59:28.416000+07:00
7022,postgres,template1,CONNECT_AUTHORIZED,0.0,,,2025-10-04 20:59:28.416000+07:00
7022,postgres,template1,DISCONNECT,0.008,,,2025-10-04 20:59:28.424000+07:00
7025,[unknown],[unknown],CONNECT_RECEIVED,0.0,,,2025-10-04 20:59:40.209000+07:00
7025,posgres,hodaoty,LOG,0.0,,,2025-10-04 20:59:40.209000+07:00
7025,posgres,hodaoty,LOG,0.0,,,2025-10-04 20:59:40.209000+07:00
7025,posgres,hodaoty,FATAL,0.0,,,2025-10-04 20:59:40.211000+07:00
7025,posgres,hodaoty,DETAIL,0.0,,,2025-10-04 20:59:40.211000+07:00
7031,[unknown],[unknown],CONNECT_RECEIVED,0.0,,,2025-10-04 20:59:49.319000+07:00
7031,postgres,hodaoty,LOG,0.0,,,2025-10-04 20:59:49.320000+07:00
7031,postgres,hodaoty,LOG,0.0,,,2025-10-04 20:59:49.320000+07:00
7031,postgres,hodaoty,FATAL,0.0,,,2025-10-04 20:59:49.320000+07:00
7031,postgres,hodaoty,DETAIL,0.0,,,2025-10-04 20:59:49.320000+07:00
7048,[unknown],[unknown],CONNECT_RECEIVED,0.0,,,2025-10-04 21:00:08.376000+07:00
7048,postgres,postgres,LOG,0.0,,,2025-10-04 21:00:08.377000+07:00
7048,postgres,postgres,LOG,0.0,,,2025-10-04 21:00:08.377000+07:00
7048,postgres,postgres,FATAL,0.0,,,2025-10-04 21:00:08.377000+07:00
7048,postgres,postgres,DETAIL,0.0,,,2025-10-04 21:00:08.377000+07:00
7068,[unknown],[unknown],CONNECT_RECEIVED,0.0,,,2025-10-04 21:01:04.963000+07:00
7068,postgres,postgres,LOG,0.0,,,2025-10-04 21:01:04.967000+07:00
7068,postgres,postgres,LOG,0.0,,,2025-10-04 21:01:04.967000+07:00
7068,postgres,postgres,FATAL,0.0,,,2025-10-04 21:01:04.967000+07:00
7068,postgres,postgres,DETAIL,0.0,,,2025-10-04 21:01:04.967000+07:00
7002,,,LOG,0.0,,,2025-10-04 21:02:18.845000+07:00
7002,,,LOG,0.0,,,2025-10-04 21:02:18.850000+07:00
7002,,,LOG,0.0,,,2025-10-04 21:02:18.878000+07:00
7007,,,LOG,0.0,,,2025-10-04 21:02:18.878000+07:00
7007,,,LOG,0.0,,,2025-10-04 21:02:18.883000+07:00
7007,,,LOG,0.0,,,2025-10-04 21:02:18.903000+07:00
7002,,,LOG,0.0,,,2025-10-04 21:02:18.933000+07:00
7104,,,LOG,0.0,,,2025-10-04 21:02:19.151000+07:00
7104,,,LOG,0.0,,,2025-10-04 21:02:19.151000+07:00
7104,,,LOG,0.0,,,2025-10-04 21:02:19.151000+07:00
7104,,,LOG,0.0,,,2025-10-04 21:02:19.165000+07:00
7111,,,LOG,0.0,,,2025-10-04 21:02:19.202000+07:00
7104,,,LOG,0.0,,,2025-10-04 21:02:19.223000+07:00
7115,[unknown],[unknown],CONNECT_RECEIVED,0.0,,,2025-10-04 21:02:19.825000+07:00
7118,[unknown],[unknown],CONNECT_RECEIVED,0.0,,,2025-10-04 21:02:20.362000+07:00
7118,postgres,template1,LOG,0.0,,,2025-10-04 21:02:20.364000+07:00
7118,postgres,template1,CONNECT_AUTHORIZED,0.0,,,2025-10-04 21:02:20.364000+07:00
7118,postgres,template1,DISCONNECT,0.02,,,2025-10-04 21:02:20.382000+07:00
7121,[unknown],[unknown],CONNECT_RECEIVED,0.0,,,2025-10-04 21:02:20.914000+07:00
7121,postgres,template1,LOG,0.0,,,2025-10-04 21:02:20.916000+07:00
7121,postgres,template1,CONNECT_AUTHORIZED,0.0,,,2025-10-04 21:02:20.916000+07:00
7121,postgres,template1,DISCONNECT,0.003,,,2025-10-04 21:02:20.918000+07:00
7124,[unknown],[unknown],CONNECT_RECEIVED,0.0,,,2025-10-04 21:02:21.440000+07:00
7124,postgres,template1,LOG,0.0,,,2025-10-04 21:02:21.441000+07:00
7124,postgres,template1,CONNECT_AUTHORIZED,0.0,,,2025-10-04 21:02:21.441000+07:00
7124,postgres,template1,DISCONNECT,0.004,,,2025-10-04 21:02:21.444000+07:00
7129,[unknown],[unknown],CONNECT_RECEIVED,0.0,,,2025-10-04 21:02:25.728000+07:00
7129,postgres,hodaoty,LOG,0.0,,,2025-10-04 21:02:25.728000+07:00
7129,postgres,hodaoty,LOG,0.0,,,2025-10-04 21:02:25.728000+07:00
7129,postgres,hodaoty,FATAL,0.0,,,2025-10-04 21:02:25.728000+07:00
7129,postgres,hodaoty,DETAIL,0.0,,,2025-10-04 21:02:25.728000+07:00
7131,[unknown],[unknown],CONNECT_RECEIVED,0.0,,,2025-10-04 21:02:31.106000+07:00
7131,postgres,postgres,LOG,0.0,,,2025-10-04 21:02:31.111000+07:00
7131,postgres,postgres,LOG,0.0,,,2025-10-04 21:02:31.111000+07:00
7131,postgres,postgres,FATAL,0.0,,,2025-10-04 21:02:31.111000+07:00
7131,postgres,postgres,DETAIL,0.0,,,2025-10-04 21:02:31.111000+07:00
7211,[unknown],[unknown],CONNECT_RECEIVED,0.0,,,2025-10-04 21:02:52.679000+07:00
7211,postgres,postgres,FATAL,0.0,,,2025-10-04 21:02:52.731000+07:00
7211,postgres,postgres,DETAIL,0.0,,,2025-10-04 21:02:52.731000+07:00
7212,[unknown],[unknown],CONNECT_RECEIVED,0.0,,,2025-10-04 21:02:52.734000+07:00
7212,postgres,postgres,FATAL,0.0,,,2025-10-04 21:02:52.760000+07:00
7212,postgres,postgres,DETAIL,0.0,,,2025-10-04 21:02:52.760000+07:00
7216,[unknown],[unknown],CONNECT_RECEIVED,0.0,,,2025-10-04 21:03:01.384000+07:00
7216,postgres,postgres,FATAL,0.0,,,2025-10-04 21:03:01.410000+07:00
7216,postgres,postgres,DETAIL,0.0,,,2025-10-04 21:03:01.410000+07:00
7217,[unknown],[unknown],CONNECT_RECEIVED,0.0,,,2025-10-04 21:03:01.418000+07:00
7217,postgres,postgres,FATAL,0.0,,,2025-10-04 21:03:01.423000+07:00
7217,postgres,postgres,DETAIL,0.0,,,2025-10-04 21:03:01.423000+07:00
7221,[unknown],[unknown],CONNECT_RECEIVED,0.0,,,2025-10-04 21:03:08.850000+07:00
7221,postgres,postgres,FATAL,0.0,,,2025-10-04 21:03:08.885000+07:00
7221,postgres,postgres,DETAIL,0.0,,,2025-10-04 21:03:08.885000+07:00
7222,[unknown],[unknown],CONNECT_RECEIVED,0.0,,,2025-10-04 21:03:08.895000+07:00
7222,postgres,postgres,FATAL,0.0,,,2025-10-04 21:03:08.900000+07:00
7222,postgres,postgres,DETAIL,0.0,,,2025-10-04 21:03:08.900000+07:00
7257,[unknown],[unknown],CONNECT_RECEIVED,0.0,,,2025-10-04 21:03:20.539000+07:00
7257,postgres,postgres,LOG,0.0,,,2025-10-04 21:03:20.551000+07:00
7257,postgres,postgres,CONNECT_AUTHORIZED,0.0,,,2025-10-04 21:03:20.551000+07:00
7270,[unknown],[unknown],CONNECT_RECEIVED,0.0,,,2025-10-04 21:03:25.064000+07:00
7271,[unknown],[unknown],CONNECT_RECEIVED,0.0,,,2025-10-04 21:03:25.069000+07:00
7271,postgres,testdb,LOG,0.0,,,2025-10-04 21:03:25.087000+07:00
7271,postgres,testdb,CONNECT_AUTHORIZED,0.0,,,2025-10-04 21:03:25.087000+07:00
7270,postgres,testdb,LOG,0.0,,,2025-10-04 21:03:25.114000+07:00
7270,postgres,testdb,CONNECT_AUTHORIZED,0.0,,,2025-10-04 21:03:25.114000+07:00
7271,postgres,testdb,DISCONNECT,0.166,,,2025-10-04 21:03:25.235000+07:00
7320,[unknown],[unknown],CONNECT_RECEIVED,0.0,,,2025-10-04 21:03:41.766000+07:00
7320,posgres,posgres,LOG,0.0,,,2025-10-04 21:03:41.767000+07:00
7320,posgres,posgres,LOG,0.0,,,2025-10-04 21:03:41.767000+07:00
7320,posgres,posgres,FATAL,0.0,,,2025-10-04 21:03:41.767000+07:00
7320,posgres,posgres,DETAIL,0.0,,,2025-10-04 21:03:41.767000+07:00
7323,[unknown],[unknown],CONNECT_RECEIVED,0.0,,,2025-10-04 21:03:49.373000+07:00
7323,postgres,postgres,LOG,0.0,,,2025-10-04 21:03:49.374000+07:00
7323,postgres,postgres,LOG,0.0,,,2025-10-04 21:03:49.374000+07:00
7323,postgres,postgres,FATAL,0.0,,,2025-10-04 21:03:49.374000+07:00
7323,postgres,postgres,DETAIL,0.0,,,2025-10-04 21:03:49.374000+07:00
7356,[unknown],[unknown],CONNECT_RECEIVED,0.0,,,2025-10-04 21:05:30.005000+07:00
7356,postgres,postgres,LOG,0.0,,,2025-10-04 21:05:30.007000+07:00
7356,postgres,postgres,LOG,0.0,,,2025-10-04 21:05:30.007000+07:00
7356,postgres,postgres,FATAL,0.0,,,2025-10-04 21:05:30.007000+07:00
7356,postgres,postgres,DETAIL,0.0,,,2025-10-04 21:05:30.007000+07:00
7391,[unknown],[unknown],CONNECT_RECEIVED,0.0,,,2025-10-04 21:05:58.795000+07:00
7391,root,root,LOG,0.0,,,2025-10-04 21:05:58.796000+07:00
7391,root,root,CONNECT_AUTHORIZED,0.0,,,2025-10-04 21:05:58.798000+07:00
7391,root,root,FATAL,0.0,,,2025-10-04 21:05:58.798000+07:00
7474,[unknown],[unknown],CONNECT_RECEIVED,0.0,,,2025-10-04 21:06:10.469000+07:00
7474,hodaoty,hodaoty,LOG,0.0,,,2025-10-04 21:06:10.472000+07:00
7474,hodaoty,hodaoty,CONNECT_AUTHORIZED,0.0,,,2025-10-04 21:06:10.472000+07:00
7474,hodaoty,hodaoty,FATAL,0.0,,,2025-10-04 21:06:10.472000+07:00
7482,[unknown],[unknown],CONNECT_RECEIVED,0.0,,,2025-10-04 21:06:32.275000+07:00
7482,postgres,hodaoty,LOG,0.0,,,2025-10-04 21:06:32.276000+07:00
7482,postgres,hodaoty,LOG,0.0,,,2025-10-04 21:06:32.276000+07:00
7482,postgres,hodaoty,FATAL,0.0,,,2025-10-04 21:06:32.276000+07:00
7482,postgres,hodaoty,DETAIL,0.0,,,2025-10-04 21:06:32.276000+07:00
7505,[unknown],[unknown],CONNECT_RECEIVED,0.0,,,2025-10-04 21:07:12.678000+07:00
7505,postgres,hodaoty,LOG,0.0,,,2025-10-04 21:07:12.680000+07:00
7505,postgres,hodaoty,CONNECT_AUTHORIZED,0.0,,,2025-10-04 21:07:12.680000+07:00
7505,postgres,hodaoty,FATAL,0.0,,,2025-10-04 21:07:12.680000+07:00
7109,,,LOG,0.0,,,2025-10-04 21:07:19.301000+07:00
7109,,,LOG,0.0,,,2025-10-04 21:07:19.390000+07:00
7510,[unknown],[unknown],CONNECT_RECEIVED,0.0,,,2025-10-04 21:07:22.548000+07:00
7510,postgres,postgres,LOG,0.0,,,2025-10-04 21:07:22.548000+07:00
7510,postgres,postgres,CONNECT_AUTHORIZED,0.0,,,2025-10-04 21:07:22.548000+07:00
7510,postgres,postgres,ERROR,0.0,,,2025-10-04 21:07:34.031000+07:00
7510,postgres,postgres,STATEMENT,0.0,,,2025-10-04 21:07:34.031000+07:00
7510,postgres,postgres,DISCONNECT,33.715,,,2025-10-04 21:07:56.263000+07:00
7551,[unknown],[unknown],CONNECT_RECEIVED,0.0,,,2025-10-04 21:08:05.883000+07:00
7551,root,root,LOG,0.0,,,2025-10-04 21:08:05.884000+07:00
7551,root,root,LOG,0.0,,,2025-10-04 21:08:05.884000+07:00
7551,root,root,FATAL,0.0,,,2025-10-04 21:08:05.884000+07:00
7551,root,root,DETAIL,0.0,,,2025-10-04 21:08:05.884000+07:00
7557,[unknown],[unknown],CONNECT_RECEIVED,0.0,,,2025-10-04 21:08:18.793000+07:00
7557,postgres,postgres,LOG,0.0,,,2025-10-04 21:08:18.793000+07:00
7557,postgres,postgres,CONNECT_AUTHORIZED,0.0,,,2025-10-04 21:08:18.793000+07:00
7557,postgres,postgres,ERROR,0.0,,,2025-10-04 21:08:25.718000+07:00
7557,postgres,postgres,STATEMENT,0.0,,,2025-10-04 21:08:25.718000+07:00
7557,postgres,postgres,ERROR,0.0,,,2025-10-04 21:08:31.191000+07:00
7557,postgres,postgres,STATEMENT,0.0,,,2025-10-04 21:08:31.191000+07:00
7557,postgres,postgres,DISCONNECT,69.629,,,2025-10-04 21:09:28.422000+07:00
7607,[unknown],[unknown],CONNECT_RECEIVED,0.0,,,2025-10-04 21:09:57.695000+07:00
7607,postgres,postgres,LOG,0.0,,,2025-10-04 21:09:57.695000+07:00
7607,postgres,postgres,CONNECT_AUTHORIZED,0.0,,,2025-10-04 21:09:57.695000+07:00
7607,postgres,postgres,ERROR,0.0,,,2025-10-04 21:10:18.208000+07:00
7607,postgres,postgres,STATEMENT,0.0,,,2025-10-04 21:10:18.208000+07:00
7607,postgres,postgres,DISCONNECT,41.209,,,2025-10-04 21:10:38.904000+07:00
7631,[unknown],[unknown],CONNECT_RECEIVED,0.0,,,2025-10-04 21:10:44.191000+07:00
7631,postgres,testdb,LOG,0.0,,,2025-10-04 21:10:44.192000+07:00
7631,postgres,testdb,CONNECT_AUTHORIZED,0.0,,,2025-10-04 21:10:44.192000+07:00
7631,postgres,testdb,DISCONNECT,133.192,,,2025-10-04 21:12:57.384000+07:00
7104,,,LOG,0.0,,,2025-10-04 21:21:33.420000+07:00
7104,,,LOG,0.0,,,2025-10-04 21:21:33.428000+07:00
7270,postgres,testdb,FATAL,0.0,,,2025-10-04 21:21:33.465000+07:00
7270,postgres,testdb,DISCONNECT,1088.403,,,2025-10-04 21:21:33.467000+07:00
7257,postgres,postgres,FATAL,0.0,,,2025-10-04 21:21:33.488000+07:00
7257,postgres,postgres,DISCONNECT,1092.952,,,2025-10-04 21:21:33.491000+07:00
7104,,,LOG,0.0,,,2025-10-04 21:21:33.534000+07:00
7109,,,LOG,0.0,,,2025-10-04 21:21:33.551000+07:00
7109,,,LOG,0.0,,,2025-10-04 21:21:33.561000+07:00
7109,,,LOG,0.0,,,2025-10-04 21:21:33.599000+07:00
7104,,,LOG,0.0,,,2025-10-04 21:21:33.647000+07:00
7927,,,LOG,0.0,,,2025-10-04 21:21:34.244000+07:00
7927,,,LOG,0.0,,,2025-10-04 21:21:34.248000+07:00
7927,,,LOG,0.0,,,2025-10-04 21:21:34.248000+07:00
7927,,,LOG,0.0,,,2025-10-04 21:21:34.255000+07:00
7934,,,LOG,0.0,,,2025-10-04 21:21:34.329000+07:00
7927,,,LOG,0.0,,,2025-10-04 21:21:34.380000+07:00
7939,[unknown],[unknown],CONNECT_RECEIVED,0.0,,,2025-10-04 21:21:34.903000+07:00
7942,[unknown],[unknown],CONNECT_RECEIVED,0.0,,,2025-10-04 21:21:35.455000+07:00
7942,postgres,template1,LOG,0.0,,,2025-10-04 21:21:35.462000+07:00
7942,postgres,template1,CONNECT_AUTHORIZED,0.0,,,2025-10-04 21:21:35.462000+07:00
7942,postgres,template1,DISCONNECT,0.101,,,2025-10-04 21:21:35.556000+07:00
7945,[unknown],[unknown],CONNECT_RECEIVED,0.0,,,2025-10-04 21:21:36.081000+07:00
7945,postgres,template1,LOG,0.0,,,2025-10-04 21:21:36.085000+07:00
7945,postgres,template1,CONNECT_AUTHORIZED,0.0,,,2025-10-04 21:21:36.085000+07:00
7945,postgres,template1,DISCONNECT,0.013,,,2025-10-04 21:21:36.093000+07:00
7948,[unknown],[unknown],CONNECT_RECEIVED,0.0,,,2025-10-04 21:21:36.618000+07:00
7948,postgres,template1,LOG,0.0,,,2025-10-04 21:21:36.619000+07:00
7948,postgres,template1,CONNECT_AUTHORIZED,0.0,,,2025-10-04 21:21:36.619000+07:00
7948,postgres,template1,DISCONNECT,0.004,,,2025-10-04 21:21:36.623000+07:00
7956,[unknown],[unknown],CONNECT_RECEIVED,0.0,,,2025-10-04 21:21:50.974000+07:00
7956,postgres,postgres,LOG,0.0,,,2025-10-04 21:21:50.975000+07:00
7956,postgres,postgres,CONNECT_AUTHORIZED,0.0,,,2025-10-04 21:21:50.975000+07:00
7956,postgres,postgres,LOG,0.0,,,2025-10-04 21:22:12.695000+07:00
7956,postgres,postgres,LOG,0.0,,,2025-10-04 21:22:31.607000+07:00
7956,postgres,postgres,LOG,0.0,,,2025-10-04 21:23:04.427000+07:00
7956,postgres,postgres,LOG,0.0,,,2025-10-04 21:23:28.809000+07:00
7979,[unknown],[unknown],CONNECT_RECEIVED,0.0,,,2025-10-04 21:23:35.935000+07:00
7979,postgres,auditdb,LOG,0.0,,,2025-10-04 21:23:35.936000+07:00
7979,postgres,auditdb,CONNECT_AUTHORIZED,0.0,,,2025-10-04 21:23:35.936000+07:00
7956,postgres,postgres,DISCONNECT,104.971,,,2025-10-04 21:23:35.945000+07:00
7979,postgres,auditdb,ERROR,0.0,,,2025-10-04 21:25:02.459000+07:00
7979,postgres,auditdb,STATEMENT,0.0,,,2025-10-04 21:25:02.459000+07:00
7979,postgres,auditdb,AUDIT_CREATE TABLE,0.0,CREATE TABLE,"CREATE TABLE employee(id SERIAL PRIMARY KEY, name TEXT, salary NUMERIC)",2025-10-04 21:25:11.646000+07:00
7979,postgres,auditdb,LOG,0.0,,,2025-10-04 21:25:27.098000+07:00
7979,postgres,auditdb,AUDIT_GRANT,0.0,GRANT,"GRANT USAGE, SELECT, UPDATE ON SEQUENCE employee_id_seq TO audituser",2025-10-04 21:26:05.701000+07:00
7979,postgres,auditdb,DISCONNECT,158.0,,,2025-10-04 21:26:13.935000+07:00
7932,,,LOG,0.0,,,2025-10-04 21:26:34.416000+07:00
8047,[unknown],[unknown],CONNECT_RECEIVED,0.0,,,2025-10-04 21:27:20.168000+07:00
8047,audituser,auditdb,LOG,0.0,,,2025-10-04 21:27:20.192000+07:00
8047,audituser,auditdb,CONNECT_AUTHORIZED,0.0,,,2025-10-04 21:27:20.192000+07:00
8047,audituser,auditdb,LOG,0.0,,,2025-10-04 21:27:33.616000+07:00
8047,audituser,auditdb,AUDIT_INSERT,0.0,INSERT,"insert into employee(name, salary) values('Naruto',123456)",2025-10-04 21:28:13.599000+07:00
7932,,,LOG,0.0,,,2025-10-04 21:28:14.479000+07:00
8047,audituser,auditdb,LOG,0.0,,,2025-10-04 21:28:16.484000+07:00
8047,audituser,auditdb,DISCONNECT,64.063,,,2025-10-04 21:28:24.231000+07:00
8256,[unknown],[unknown],CONNECT_RECEIVED,0.0,,,2025-10-04 21:33:41.969000+07:00
8256,postgres,postgres,LOG,0.0,,,2025-10-04 21:33:42.041000+07:00
8256,postgres,postgres,CONNECT_AUTHORIZED,0.0,,,2025-10-04 21:33:42.041000+07:00
8256,postgres,postgres,LOG,0.0,,,2025-10-04 21:33:42.066000+07:00
8256,postgres,postgres,LOG,0.0,,,2025-10-04 21:33:42.066000+07:00
8256,postgres,postgres,AUDIT_SELECT,0.0,SELECT,"SELECT set_config('bytea_output','hex',false) FROM pg_show_all_settings() WHERE name = 'bytea_output'",2025-10-04 21:33:42.101000+07:00
8256,postgres,postgres,LOG,0.0,,,2025-10-04 21:33:42.103000+07:00
8256,postgres,postgres,LOG,0.0,,,2025-10-04 21:33:42.108000+07:00
8256,postgres,postgres,LOG,0.0,,,2025-10-04 21:33:42.134000+07:00
8256,postgres,postgres,LOG,0.0,,,2025-10-04 21:33:42.148000+07:00
8256,postgres,postgres,LOG,0.0,,,2025-10-04 21:33:42.180000+07:00
8256,postgres,postgres,LOG,0.0,,,2025-10-04 21:33:42.180000+07:00
8256,postgres,postgres,LOG,0.0,,,2025-10-04 21:33:42.180000+07:00
8256,postgres,postgres,LOG,0.0,,,2025-10-04 21:33:42.180000+07:00
8256,postgres,postgres,LOG,0.0,,,2025-10-04 21:33:42.180000+07:00
8256,postgres,postgres,LOG,0.0,,,2025-10-04 21:33:42.180000+07:00
8256,postgres,postgres,LOG,0.0,,,2025-10-04 21:33:42.180000+07:00
8256,postgres,postgres,LOG,0.0,,,2025-10-04 21:33:42.180000+07:00
8256,postgres,postgres,LOG,0.0,,,2025-10-04 21:33:42.180000+07:00
8256,postgres,postgres,LOG,0.0,,,2025-10-04 21:33:42.180000+07:00
8256,postgres,postgres,LOG,0.0,,,2025-10-04 21:33:42.193000+07:00
8256,postgres,postgres,LOG,0.0,,,2025-10-04 21:33:42.193000+07:00
8256,postgres,postgres,LOG,0.0,,,2025-10-04 21:33:42.193000+07:00
8256,postgres,postgres,LOG,0.0,,,2025-10-04 21:33:45.386000+07:00
8256,postgres,postgres,LOG,0.0,,,2025-10-04 21:33:45.387000+07:00
8261,[unknown],[unknown],CONNECT_RECEIVED,0.0,,,2025-10-04 21:33:45.389000+07:00
8262,[unknown],[unknown],CONNECT_RECEIVED,0.0,,,2025-10-04 21:33:45.401000+07:00
8261,postgres,auditdb,LOG,0.0,,,2025-10-04 21:33:45.414000+07:00
8261,postgres,auditdb,CONNECT_AUTHORIZED,0.0,,,2025-10-04 21:33:45.414000+07:00
8262,postgres,auditdb,LOG,0.0,,,2025-10-04 21:33:45.421000+07:00
8262,postgres,auditdb,CONNECT_AUTHORIZED,0.0,,,2025-10-04 21:33:45.421000+07:00
8261,postgres,auditdb,LOG,0.0,,,2025-10-04 21:33:45.431000+07:00
8261,postgres,auditdb,LOG,0.0,,,2025-10-04 21:33:45.431000+07:00
8262,postgres,auditdb,LOG,0.0,,,2025-10-04 21:33:45.433000+07:00
8262,postgres,auditdb,LOG,0.0,,,2025-10-04 21:33:45.433000+07:00
8261,postgres,auditdb,AUDIT_SELECT,0.0,SELECT,"SELECT set_config('bytea_output','hex',false) FROM pg_show_all_settings() WHERE name = 'bytea_output'",2025-10-04 21:33:45.436000+07:00
8262,postgres,auditdb,AUDIT_SELECT,0.0,SELECT,"SELECT set_config('bytea_output','hex',false) FROM pg_show_all_settings() WHERE name = 'bytea_output'",2025-10-04 21:33:45.436000+07:00
8261,postgres,auditdb,LOG,0.0,,,2025-10-04 21:33:45.437000+07:00
8262,postgres,auditdb,LOG,0.0,,,2025-10-04 21:33:45.438000+07:00
8261,postgres,auditdb,LOG,0.0,,,2025-10-04 21:33:45.438000+07:00
8261,postgres,auditdb,LOG,0.0,,,2025-10-04 21:33:45.439000+07:00
8262,postgres,auditdb,LOG,0.0,,,2025-10-04 21:33:45.439000+07:00
8261,postgres,auditdb,LOG,0.0,,,2025-10-04 21:33:45.439000+07:00
8262,postgres,auditdb,LOG,0.0,,,2025-10-04 21:33:45.440000+07:00
8262,postgres,auditdb,LOG,0.0,,,2025-10-04 21:33:45.440000+07:00
8262,postgres,auditdb,LOG,0.0,,,2025-10-04 21:33:45.441000+07:00
8261,postgres,auditdb,LOG,0.0,,,2025-10-04 21:33:45.442000+07:00
8262,postgres,auditdb,LOG,0.0,,,2025-10-04 21:33:45.442000+07:00
8262,postgres,auditdb,LOG,0.0,,,2025-10-04 21:33:45.442000+07:00
8262,postgres,auditdb,LOG,0.0,,,2025-10-04 21:33:45.442000+07:00
8262,postgres,auditdb,LOG,0.0,,,2025-10-04 21:33:45.442000+07:00
8262,postgres,auditdb,LOG,0.0,,,2025-10-04 21:33:45.442000+07:00
8262,postgres,auditdb,LOG,0.0,,,2025-10-04 21:33:45.442000+07:00
8262,postgres,auditdb,LOG,0.0,,,2025-10-04 21:33:45.442000+07:00
8262,postgres,auditdb,LOG,0.0,,,2025-10-04 21:33:45.442000+07:00
8262,postgres,auditdb,LOG,0.0,,,2025-10-04 21:33:45.442000+07:00
8261,postgres,auditdb,LOG,0.0,,,2025-10-04 21:33:45.444000+07:00
8261,postgres,auditdb,LOG,0.0,,,2025-10-04 21:33:45.444000+07:00
8261,postgres,auditdb,LOG,0.0,,,2025-10-04 21:33:45.444000+07:00
8261,postgres,auditdb,LOG,0.0,,,2025-10-04 21:33:45.444000+07:00
8261,postgres,auditdb,LOG,0.0,,,2025-10-04 21:33:45.444000+07:00
8261,postgres,auditdb,LOG,0.0,,,2025-10-04 21:33:45.444000+07:00
8261,postgres,auditdb,LOG,0.0,,,2025-10-04 21:33:45.444000+07:00
8261,postgres,auditdb,LOG,0.0,,,2025-10-04 21:33:45.444000+07:00
8261,postgres,auditdb,LOG,0.0,,,2025-10-04 21:33:45.444000+07:00
8261,postgres,auditdb,DISCONNECT,0.088,,,2025-10-04 21:33:45.478000+07:00
8262,postgres,auditdb,LOG,0.0,,,2025-10-04 21:33:45.525000+07:00
8262,postgres,auditdb,LOG,0.0,,,2025-10-04 21:33:57.744000+07:00
8262,postgres,auditdb,LOG,0.0,,,2025-10-04 21:33:57.744000+07:00
8262,postgres,auditdb,DISCONNECT,12.346,,,2025-10-04 21:33:57.745000+07:00
8256,postgres,postgres,LOG,0.0,,,2025-10-04 21:33:57.750000+07:00
8256,postgres,postgres,LOG,0.0,,,2025-10-04 21:33:57.750000+07:00
8256,postgres,postgres,DISCONNECT,15.782,,,2025-10-04 21:33:57.750000+07:00
7927,,,LOG,0.0,,,2025-10-04 21:34:07.048000+07:00
7927,,,LOG,0.0,,,2025-10-04 21:34:07.064000+07:00
7927,,,LOG,0.0,,,2025-10-04 21:34:07.317000+07:00
7932,,,LOG,0.0,,,2025-10-04 21:34:07.459000+07:00
7932,,,LOG,0.0,,,2025-10-04 21:34:07.476000+07:00
7932,,,LOG,0.0,,,2025-10-04 21:34:07.737000+07:00
7927,,,LOG,0.0,,,2025-10-04 21:34:08.412000+07:00
815,,,LOG,0.0,,,2025-10-05 09:05:51.039000+07:00
815,,,LOG,0.0,,,2025-10-05 09:05:51.039000+07:00
815,,,LOG,0.0,,,2025-10-05 09:05:51.039000+07:00
815,,,LOG,0.0,,,2025-10-05 09:05:51.173000+07:00
1027,,,LOG,0.0,,,2025-10-05 09:05:51.752000+07:00
815,,,LOG,0.0,,,2025-10-05 09:05:52.126000+07:00
1100,[unknown],[unknown],CONNECT_RECEIVED,0.0,,,2025-10-05 09:05:52.863000+07:00
1124,[unknown],[unknown],CONNECT_RECEIVED,0.0,,,2025-10-05 09:05:53.715000+07:00
1124,postgres,template1,LOG,0.0,,,2025-10-05 09:05:53.783000+07:00
1124,postgres,template1,CONNECT_AUTHORIZED,0.0,,,2025-10-05 09:05:53.783000+07:00
1124,postgres,template1,DISCONNECT,0.612,,,2025-10-05 09:05:54.333000+07:00
1161,[unknown],[unknown],CONNECT_RECEIVED,0.0,,,2025-10-05 09:05:55.072000+07:00
1161,postgres,template1,LOG,0.0,,,2025-10-05 09:05:55.131000+07:00
1161,postgres,template1,CONNECT_AUTHORIZED,0.0,,,2025-10-05 09:05:55.132000+07:00
1161,postgres,template1,DISCONNECT,0.131,,,2025-10-05 09:05:55.195000+07:00
1178,[unknown],[unknown],CONNECT_RECEIVED,0.0,,,2025-10-05 09:05:55.915000+07:00
1178,postgres,template1,LOG,0.0,,,2025-10-05 09:05:55.917000+07:00
1178,postgres,template1,CONNECT_AUTHORIZED,0.0,,,2025-10-05 09:05:55.917000+07:00
1178,postgres,template1,DISCONNECT,0.097,,,2025-10-05 09:05:56.001000+07:00
1025,,,LOG,0.0,,,2025-10-05 09:10:55.416000+07:00
1025,,,LOG,0.0,,,2025-10-05 09:10:55.614000+07:00
5507,[unknown],[unknown],CONNECT_RECEIVED,0.0,,,2025-10-05 09:15:05.047000+07:00
5513,[unknown],[unknown],CONNECT_RECEIVED,0.0,,,2025-10-05 09:15:16.476000+07:00
5518,[unknown],[unknown],CONNECT_RECEIVED,0.0,,,2025-10-05 09:15:24.746000+07:00
5518,postgres,testdb,LOG,0.0,,,2025-10-05 09:15:24.791000+07:00
5518,postgres,testdb,CONNECT_AUTHORIZED,0.0,,,2025-10-05 09:15:24.792000+07:00
5518,postgres,testdb,LOG,0.0,,,2025-10-05 09:15:59.015000+07:00
5518,postgres,testdb,AUDIT_SELECT,0.0,SELECT,SELECT n.nspname as,2025-10-05 09:16:04.378000+07:00
5518,postgres,testdb,AUDIT_SELECT,0.0,SELECT,SELECT n.nspname as,2025-10-05 09:16:04.378000+07:00
5518,postgres,testdb,AUDIT_SELECT,0.0,SELECT,SELECT n.nspname as,2025-10-05 09:16:04.378000+07:00
5518,postgres,testdb,LOG,0.0,,,2025-10-05 09:16:11.454000+07:00
5518,postgres,testdb,DISCONNECT,296.47,,,2025-10-05 09:20:21.217000+07:00
8597,[unknown],[unknown],CONNECT_RECEIVED,0.0,,,2025-10-05 09:46:34.739000+07:00
8601,[unknown],[unknown],CONNECT_RECEIVED,0.0,,,2025-10-05 09:46:41.441000+07:00
8601,postgres,testdb,LOG,0.0,,,2025-10-05 09:46:41.490000+07:00
8601,postgres,testdb,CONNECT_AUTHORIZED,0.0,,,2025-10-05 09:46:41.490000+07:00
8601,postgres,testdb,AUDIT_SELECT,0.0,SELECT,SELECT n.nspname as,2025-10-05 09:50:48.749000+07:00
8601,postgres,testdb,AUDIT_SELECT,0.0,SELECT,SELECT n.nspname as,2025-10-05 09:50:48.751000+07:00
8601,postgres,testdb,AUDIT_SELECT,0.0,SELECT,SELECT n.nspname as,2025-10-05 09:50:48.751000+07:00
8601,postgres,testdb,LOG,0.0,,,2025-10-05 09:51:04.417000+07:00
8601,postgres,testdb,LOG,0.0,,,2025-10-05 09:52:29.762000+07:00
8601,postgres,testdb,DISCONNECT,447.274,,,2025-10-05 09:54:08.715000+07:00
9140,[unknown],[unknown],CONNECT_RECEIVED,0.0,,,2025-10-05 09:55:32.283000+07:00
9143,[unknown],[unknown],CONNECT_RECEIVED,0.0,,,2025-10-05 09:55:42.283000+07:00
9143,postgres,testdb,LOG,0.0,,,2025-10-05 09:55:42.321000+07:00
9143,postgres,testdb,CONNECT_AUTHORIZED,0.0,,,2025-10-05 09:55:42.321000+07:00
9143,postgres,testdb,DISCONNECT,519.78,,,2025-10-05 10:04:22.063000+07:00
9259,[unknown],[unknown],CONNECT_RECEIVED,0.0,,,2025-10-05 10:05:05.758000+07:00
9264,[unknown],[unknown],CONNECT_RECEIVED,0.0,,,2025-10-05 10:05:10.894000+07:00
9264,postgres,testdb,LOG,0.0,,,2025-10-05 10:05:10.928000+07:00
9264,postgres,testdb,CONNECT_AUTHORIZED,0.0,,,2025-10-05 10:05:10.928000+07:00
9264,postgres,testdb,DISCONNECT,26.414,,,2025-10-05 10:05:37.308000+07:00
9327,[unknown],[unknown],CONNECT_RECEIVED,0.0,,,2025-10-05 10:08:40.456000+07:00
9328,[unknown],[unknown],CONNECT_RECEIVED,0.0,,,2025-10-05 10:08:45.517000+07:00
9328,postgres,testdb,LOG,0.0,,,2025-10-05 10:08:45.559000+07:00
9328,postgres,testdb,CONNECT_AUTHORIZED,0.0,,,2025-10-05 10:08:45.560000+07:00
9328,postgres,testdb,DISCONNECT,18.069,,,2025-10-05 10:09:03.586000+07:00
815,,,LOG,0.0,,,2025-10-05 10:32:28.632000+07:00
815,,,LOG,0.0,,,2025-10-05 10:32:28.717000+07:00
815,,,LOG,0.0,,,2025-10-05 10:32:29.643000+07:00
1025,,,LOG,0.0,,,2025-10-05 10:32:29.740000+07:00
1025,,,LOG,0.0,,,2025-10-05 10:32:29.800000+07:00
1025,,,LOG,0.0,,,2025-10-05 10:32:30.357000+07:00
815,,,LOG,0.0,,,2025-10-05 10:32:30.899000+07:00
804,,,LOG,0.0,,,2025-10-05 19:42:22.450000+07:00
804,,,LOG,0.0,,,2025-10-05 19:42:22.451000+07:00
804,,,LOG,0.0,,,2025-10-05 19:42:22.451000+07:00
804,,,LOG,0.0,,,2025-10-05 19:42:22.701000+07:00
1004,,,LOG,0.0,,,2025-10-05 19:42:23.803000+07:00
804,,,LOG,0.0,,,2025-10-05 19:42:24.622000+07:00
1042,[unknown],[unknown],CONNECT_RECEIVED,0.0,,,2025-10-05 19:42:25.283000+07:00
1059,[unknown],[unknown],CONNECT_RECEIVED,0.0,,,2025-10-05 19:42:26.199000+07:00
1059,postgres,template1,LOG,0.0,,,2025-10-05 19:42:26.253000+07:00
1059,postgres,template1,CONNECT_AUTHORIZED,0.0,,,2025-10-05 19:42:26.253000+07:00
1059,postgres,template1,DISCONNECT,0.65,,,2025-10-05 19:42:26.841000+07:00
1064,[unknown],[unknown],CONNECT_RECEIVED,0.0,,,2025-10-05 19:42:27.778000+07:00
1064,postgres,template1,LOG,0.0,,,2025-10-05 19:42:27.854000+07:00
1064,postgres,template1,CONNECT_AUTHORIZED,0.0,,,2025-10-05 19:42:27.858000+07:00
1064,postgres,template1,DISCONNECT,0.165,,,2025-10-05 19:42:27.921000+07:00
1078,[unknown],[unknown],CONNECT_RECEIVED,0.0,,,2025-10-05 19:42:28.717000+07:00
1078,postgres,template1,LOG,0.0,,,2025-10-05 19:42:28.718000+07:00
1078,postgres,template1,CONNECT_AUTHORIZED,0.0,,,2025-10-05 19:42:28.728000+07:00
1078,postgres,template1,DISCONNECT,0.13,,,2025-10-05 19:42:28.826000+07:00
999,,,LOG,0.0,,,2025-10-05 19:47:25.140000+07:00
999,,,LOG,0.0,,,2025-10-05 19:47:25.316000+07:00
8279,[unknown],[unknown],CONNECT_RECEIVED,0.0,,,2025-10-05 20:49:37.506000+07:00
8331,[unknown],[unknown],CONNECT_RECEIVED,0.0,,,2025-10-05 20:49:47.543000+07:00
8331,[unknown],[unknown],LOG,0.0,,,2025-10-05 20:49:47.622000+07:00
8391,[unknown],[unknown],CONNECT_RECEIVED,0.0,,,2025-10-05 20:50:47.576000+07:00
8391,[unknown],[unknown],LOG,0.0,,,2025-10-05 20:50:47.612000+07:00
8401,[unknown],[unknown],CONNECT_RECEIVED,0.0,,,2025-10-05 20:50:49.899000+07:00
8401,[unknown],[unknown],LOG,0.0,,,2025-10-05 20:50:49.916000+07:00
8691,[unknown],[unknown],CONNECT_RECEIVED,0.0,,,2025-10-05 20:52:32.076000+07:00
11692,[unknown],[unknown],CONNECT_RECEIVED,0.0,,,2025-10-05 21:01:55.742000+07:00
11694,[unknown],[unknown],CONNECT_RECEIVED,0.0,,,2025-10-05 21:01:58.255000+07:00
11694,postgres,postgres,LOG,0.0,,,2025-10-05 21:01:58.290000+07:00
11694,postgres,postgres,CONNECT_AUTHORIZED,0.0,,,2025-10-05 21:01:58.290000+07:00
11694,postgres,postgres,LOG,0.0,,,2025-10-05 21:02:04.627000+07:00
11694,postgres,postgres,DISCONNECT,12.511,,,2025-10-05 21:02:10.766000+07:00
11700,[unknown],[unknown],CONNECT_RECEIVED,0.0,,,2025-10-05 21:02:15.824000+07:00
11703,[unknown],[unknown],CONNECT_RECEIVED,0.0,,,2025-10-05 21:02:18.729000+07:00
11703,postgres,testdb,LOG,0.0,,,2025-10-05 21:02:18.756000+07:00
11703,postgres,testdb,CONNECT_AUTHORIZED,0.0,,,2025-10-05 21:02:18.756000+07:00
11703,postgres,testdb,DISCONNECT,855.758,,,2025-10-05 21:16:34.490000+07:00
804,,,LOG,0.0,,,2025-10-05 21:42:41.823000+07:00
804,,,LOG,0.0,,,2025-10-05 21:42:41.895000+07:00
804,,,LOG,0.0,,,2025-10-05 21:42:43.823000+07:00
999,,,LOG,0.0,,,2025-10-05 21:42:43.945000+07:00
999,,,LOG,0.0,,,2025-10-05 21:42:43.972000+07:00
999,,,LOG,0.0,,,2025-10-05 21:42:45+07:00
804,,,LOG,0.0,,,2025-10-05 21:42:45.517000+07:00
757,,,LOG,0.0,,,2025-10-07 14:27:35.893000+07:00
757,,,LOG,0.0,,,2025-10-07 14:27:35.893000+07:00
757,,,LOG,0.0,,,2025-10-07 14:27:35.893000+07:00
757,,,LOG,0.0,,,2025-10-07 14:27:36.003000+07:00
906,,,LOG,0.0,,,2025-10-07 14:27:36.977000+07:00
757,,,LOG,0.0,,,2025-10-07 14:27:37.811000+07:00
1009,[unknown],[unknown],CONNECT_RECEIVED,0.0,,,2025-10-07 14:27:38.546000+07:00
1055,[unknown],[unknown],CONNECT_RECEIVED,0.0,,,2025-10-07 14:27:39.448000+07:00
1055,postgres,template1,LOG,0.0,,,2025-10-07 14:27:39.528000+07:00
1055,postgres,template1,CONNECT_AUTHORIZED,0.0,,,2025-10-07 14:27:39.529000+07:00
1055,postgres,template1,DISCONNECT,0.547,,,2025-10-07 14:27:40.018000+07:00
1079,[unknown],[unknown],CONNECT_RECEIVED,0.0,,,2025-10-07 14:27:40.905000+07:00
1079,postgres,template1,LOG,0.0,,,2025-10-07 14:27:40.944000+07:00
1079,postgres,template1,CONNECT_AUTHORIZED,0.0,,,2025-10-07 14:27:40.944000+07:00
1079,postgres,template1,DISCONNECT,0.083,,,2025-10-07 14:27:40.988000+07:00
1092,[unknown],[unknown],CONNECT_RECEIVED,0.0,,,2025-10-07 14:27:41.687000+07:00
1092,postgres,template1,LOG,0.0,,,2025-10-07 14:27:41.852000+07:00
1092,postgres,template1,CONNECT_AUTHORIZED,0.0,,,2025-10-07 14:27:41.905000+07:00
1092,postgres,template1,DISCONNECT,0.382,,,2025-10-07 14:27:42.069000+07:00
757,,,LOG,0.0,,,2025-10-07 14:30:11.871000+07:00
757,,,LOG,0.0,,,2025-10-07 14:30:11.950000+07:00
757,,,LOG,0.0,,,2025-10-07 14:30:12.641000+07:00
900,,,LOG,0.0,,,2025-10-07 14:30:12.682000+07:00
900,,,LOG,0.0,,,2025-10-07 14:30:12.709000+07:00
900,,,LOG,0.0,,,2025-10-07 14:30:12.904000+07:00
757,,,LOG,0.0,,,2025-10-07 14:30:13.194000+07:00
717,,,LOG,0.0,,,2025-10-07 14:34:25.071000+07:00
717,,,LOG,0.0,,,2025-10-07 14:34:25.072000+07:00
717,,,LOG,0.0,,,2025-10-07 14:34:25.072000+07:00
717,,,LOG,0.0,,,2025-10-07 14:34:25.179000+07:00
944,,,LOG,0.0,,,2025-10-07 14:34:25.924000+07:00
717,,,LOG,0.0,,,2025-10-07 14:34:26.734000+07:00
1017,[unknown],[unknown],CONNECT_RECEIVED,0.0,,,2025-10-07 14:34:27.613000+07:00
1046,[unknown],[unknown],CONNECT_RECEIVED,0.0,,,2025-10-07 14:34:28.557000+07:00
1046,postgres,template1,LOG,0.0,,,2025-10-07 14:34:28.627000+07:00
1046,postgres,template1,CONNECT_AUTHORIZED,0.0,,,2025-10-07 14:34:28.627000+07:00
1046,postgres,template1,DISCONNECT,0.684,,,2025-10-07 14:34:29.233000+07:00
1065,[unknown],[unknown],CONNECT_RECEIVED,0.0,,,2025-10-07 14:34:30.033000+07:00
1065,postgres,template1,LOG,0.0,,,2025-10-07 14:34:30.067000+07:00
1065,postgres,template1,CONNECT_AUTHORIZED,0.0,,,2025-10-07 14:34:30.068000+07:00
1065,postgres,template1,DISCONNECT,0.115,,,2025-10-07 14:34:30.148000+07:00
1068,[unknown],[unknown],CONNECT_RECEIVED,0.0,,,2025-10-07 14:34:30.852000+07:00
1068,postgres,template1,LOG,0.0,,,2025-10-07 14:34:30.854000+07:00
1068,postgres,template1,CONNECT_AUTHORIZED,0.0,,,2025-10-07 14:34:30.864000+07:00
1068,postgres,template1,DISCONNECT,0.109,,,2025-10-07 14:34:30.959000+07:00
694,,,LOG,0.0,,,2025-10-07 14:36:11.222000+07:00
694,,,LOG,0.0,,,2025-10-07 14:36:11.256000+07:00
694,,,LOG,0.0,,,2025-10-07 14:36:11.256000+07:00
694,,,LOG,0.0,,,2025-10-07 14:36:11.307000+07:00
791,,,LOG,0.0,,,2025-10-07 14:36:11.801000+07:00
791,,,LOG,0.0,,,2025-10-07 14:36:17.804000+07:00
791,,,LOG,0.0,,,2025-10-07 14:36:17.872000+07:00
791,,,LOG,0.0,,,2025-10-07 14:36:17.872000+07:00
791,,,LOG,0.0,,,2025-10-07 14:36:17.872000+07:00
783,,,LOG,0.0,,,2025-10-07 14:36:17.937000+07:00
783,,,LOG,0.0,,,2025-10-07 14:36:18.094000+07:00
694,,,LOG,0.0,,,2025-10-07 14:36:18.199000+07:00
1072,[unknown],[unknown],CONNECT_RECEIVED,0.0,,,2025-10-07 14:36:18.882000+07:00
1097,[unknown],[unknown],CONNECT_RECEIVED,0.0,,,2025-10-07 14:36:19.780000+07:00
1097,postgres,template1,LOG,0.0,,,2025-10-07 14:36:19.818000+07:00
1097,postgres,template1,CONNECT_AUTHORIZED,0.0,,,2025-10-07 14:36:19.819000+07:00
1097,postgres,template1,DISCONNECT,0.399,,,2025-10-07 14:36:20.172000+07:00
1135,[unknown],[unknown],CONNECT_RECEIVED,0.0,,,2025-10-07 14:36:21.131000+07:00
1135,postgres,template1,LOG,0.0,,,2025-10-07 14:36:21.209000+07:00
1135,postgres,template1,CONNECT_AUTHORIZED,0.0,,,2025-10-07 14:36:21.209000+07:00
1135,postgres,template1,DISCONNECT,0.218,,,2025-10-07 14:36:21.349000+07:00
1207,[unknown],[unknown],CONNECT_RECEIVED,0.0,,,2025-10-07 14:36:22.290000+07:00
1207,postgres,template1,LOG,0.0,,,2025-10-07 14:36:22.291000+07:00
1207,postgres,template1,CONNECT_AUTHORIZED,0.0,,,2025-10-07 14:36:22.304000+07:00
1207,postgres,template1,DISCONNECT,0.077,,,2025-10-07 14:36:22.340000+07:00
694,,,LOG,0.0,,,2025-10-07 15:20:17.184000+07:00
694,,,LOG,0.0,,,2025-10-07 15:20:17.256000+07:00
694,,,LOG,0.0,,,2025-10-07 15:20:18.297000+07:00
783,,,LOG,0.0,,,2025-10-07 15:20:18.378000+07:00
783,,,LOG,0.0,,,2025-10-07 15:20:18.414000+07:00
783,,,LOG,0.0,,,2025-10-07 15:20:18.891000+07:00
694,,,LOG,0.0,,,2025-10-07 15:20:19.409000+07:00
772,,,LOG,0.0,,,2025-10-07 15:21:23.296000+07:00
772,,,LOG,0.0,,,2025-10-07 15:21:23.296000+07:00
772,,,LOG,0.0,,,2025-10-07 15:21:23.296000+07:00
772,,,LOG,0.0,,,2025-10-07 15:21:23.343000+07:00
916,,,LOG,0.0,,,2025-10-07 15:21:23.744000+07:00
772,,,LOG,0.0,,,2025-10-07 15:21:24.050000+07:00
1005,[unknown],[unknown],CONNECT_RECEIVED,0.0,,,2025-10-07 15:21:24.714000+07:00
1047,[unknown],[unknown],CONNECT_RECEIVED,0.0,,,2025-10-07 15:21:25.636000+07:00
1047,postgres,template1,LOG,0.0,,,2025-10-07 15:21:25.694000+07:00
1047,postgres,template1,CONNECT_AUTHORIZED,0.0,,,2025-10-07 15:21:25.694000+07:00
1047,postgres,template1,DISCONNECT,0.456,,,2025-10-07 15:21:26.084000+07:00
1068,[unknown],[unknown],CONNECT_RECEIVED,0.0,,,2025-10-07 15:21:26.764000+07:00
1068,postgres,template1,LOG,0.0,,,2025-10-07 15:21:26.793000+07:00
1068,postgres,template1,CONNECT_AUTHORIZED,0.0,,,2025-10-07 15:21:26.794000+07:00
1068,postgres,template1,DISCONNECT,0.092,,,2025-10-07 15:21:26.852000+07:00
1073,[unknown],[unknown],CONNECT_RECEIVED,0.0,,,2025-10-07 15:21:27.575000+07:00
1073,postgres,template1,LOG,0.0,,,2025-10-07 15:21:27.597000+07:00
1073,postgres,template1,CONNECT_AUTHORIZED,0.0,,,2025-10-07 15:21:27.613000+07:00
1073,postgres,template1,DISCONNECT,0.098,,,2025-10-07 15:21:27.662000+07:00
903,,,LOG,0.0,,,2025-10-07 15:26:25.270000+07:00
903,,,LOG,0.0,,,2025-10-07 15:26:25.397000+07:00
17693,[unknown],[unknown],CONNECT_RECEIVED,0.0,,,2025-10-07 16:07:34.024000+07:00
17695,[unknown],[unknown],CONNECT_RECEIVED,0.0,,,2025-10-07 16:07:35.709000+07:00
17695,[unknown],[unknown],LOG,0.0,,,2025-10-07 16:07:35.711000+07:00
18774,[unknown],[unknown],CONNECT_RECEIVED,0.0,,,2025-10-07 16:30:34.806000+07:00
18775,[unknown],[unknown],CONNECT_RECEIVED,0.0,,,2025-10-07 16:30:39.021000+07:00
18775,postgres,testdb,LOG,0.0,,,2025-10-07 16:30:39.051000+07:00
18775,postgres,testdb,CONNECT_AUTHORIZED,0.0,,,2025-10-07 16:30:39.053000+07:00
18775,postgres,testdb,LOG,0.0,,,2025-10-07 16:31:18.265000+07:00
18775,postgres,testdb,AUDIT_SELECT,0.0,SELECT,SELECT n.nspname as,2025-10-07 16:31:31.991000+07:00
18775,postgres,testdb,AUDIT_SELECT,0.0,SELECT,SELECT n.nspname as,2025-10-07 16:31:31.992000+07:00
18775,postgres,testdb,AUDIT_SELECT,0.0,SELECT,SELECT n.nspname as,2025-10-07 16:31:31.992000+07:00
18775,postgres,testdb,LOG,0.0,,,2025-10-07 16:31:38.848000+07:00
18775,postgres,testdb,LOG,0.0,,,2025-10-07 16:33:23.366000+07:00
18775,postgres,testdb,LOG,0.0,,,2025-10-07 16:33:38.437000+07:00
18775,postgres,testdb,LOG,0.0,,,2025-10-07 16:33:39.181000+07:00
18775,postgres,testdb,LOG,0.0,,,2025-10-07 16:33:39.768000+07:00
18775,postgres,testdb,LOG,0.0,,,2025-10-07 16:33:40.430000+07:00
18775,postgres,testdb,LOG,0.0,,,2025-10-07 16:33:40.966000+07:00
18775,postgres,testdb,DISCONNECT,225.293,,,2025-10-07 16:34:24.314000+07:00
772,,,LOG,0.0,,,2025-10-07 16:37:11.527000+07:00
772,,,LOG,0.0,,,2025-10-07 16:37:11.624000+07:00
772,,,LOG,0.0,,,2025-10-07 16:37:13.482000+07:00
903,,,LOG,0.0,,,2025-10-07 16:37:13.630000+07:00
903,,,LOG,0.0,,,2025-10-07 16:37:13.654000+07:00
903,,,LOG,0.0,,,2025-10-07 16:37:14.371000+07:00
772,,,LOG,0.0,,,2025-10-07 16:37:15.574000+07:00
6791,,,LOG,0.0,,,2025-10-08 11:43:28.003000+07:00
6791,,,LOG,0.0,,,2025-10-08 11:43:28.003000+07:00
6791,,,LOG,0.0,,,2025-10-08 11:43:28.003000+07:00
6791,,,LOG,0.0,,,2025-10-08 11:43:28.007000+07:00
6798,,,LOG,0.0,,,2025-10-08 11:43:28.082000+07:00
6791,,,LOG,0.0,,,2025-10-08 11:43:28.122000+07:00
6802,[unknown],[unknown],CONNECT_RECEIVED,0.0,,,2025-10-08 11:43:28.630000+07:00
6805,[unknown],[unknown],CONNECT_RECEIVED,0.0,,,2025-10-08 11:43:29.162000+07:00
6805,postgres,template1,LOG,0.0,,,2025-10-08 11:43:29.169000+07:00
6805,postgres,template1,CONNECT_AUTHORIZED,0.0,,,2025-10-08 11:43:29.170000+07:00
6805,postgres,template1,DISCONNECT,0.081,,,2025-10-08 11:43:29.244000+07:00
6808,[unknown],[unknown],CONNECT_RECEIVED,0.0,,,2025-10-08 11:43:29.760000+07:00
6808,postgres,template1,LOG,0.0,,,2025-10-08 11:43:29.764000+07:00
6808,postgres,template1,CONNECT_AUTHORIZED,0.0,,,2025-10-08 11:43:29.764000+07:00
6808,postgres,template1,DISCONNECT,0.007,,,2025-10-08 11:43:29.768000+07:00
6811,[unknown],[unknown],CONNECT_RECEIVED,0.0,,,2025-10-08 11:43:30.288000+07:00
6811,postgres,template1,LOG,0.0,,,2025-10-08 11:43:30.289000+07:00
6811,postgres,template1,CONNECT_AUTHORIZED,0.0,,,2025-10-08 11:43:30.289000+07:00
6811,postgres,template1,DISCONNECT,0.002,,,2025-10-08 11:43:30.291000+07:00
6825,[unknown],[unknown],CONNECT_RECEIVED,0.0,,,2025-10-08 11:43:49.854000+07:00
6827,[unknown],[unknown],CONNECT_RECEIVED,0.0,,,2025-10-08 11:43:52.598000+07:00
6827,postgres,postgres,LOG,0.0,,,2025-10-08 11:43:52.626000+07:00
6827,postgres,postgres,CONNECT_AUTHORIZED,0.0,,,2025-10-08 11:43:52.627000+07:00
6827,postgres,postgres,LOG,0.0,,,2025-10-08 11:44:31.696000+07:00
6827,postgres,postgres,AUDIT_SELECT,0.0,SELECT,SELECT n.nspname as,2025-10-08 11:45:50.412000+07:00
6827,postgres,postgres,AUDIT_SELECT,0.0,SELECT,SELECT n.nspname as,2025-10-08 11:45:50.412000+07:00
6827,postgres,postgres,AUDIT_SELECT,0.0,SELECT,SELECT n.nspname as,2025-10-08 11:45:50.412000+07:00
6827,postgres,postgres,ERROR,0.0,,,2025-10-08 11:46:03.824000+07:00
6827,postgres,postgres,STATEMENT,0.0,,,2025-10-08 11:46:03.824000+07:00
6827,postgres,postgres,AUDIT_SELECT,0.0,SELECT,SELECT oid as,2025-10-08 11:46:27.513000+07:00
6827,postgres,postgres,LOG,0.0,,,2025-10-08 11:46:43.919000+07:00
6827,postgres,postgres,LOG,0.0,,,2025-10-08 11:47:19.769000+07:00
6827,postgres,postgres,LOG,0.0,,,2025-10-08 11:47:42.297000+07:00
6827,postgres,postgres,LOG,0.0,,,2025-10-08 11:47:49.809000+07:00
6827,postgres,postgres,LOG,0.0,,,2025-10-08 11:48:03.441000+07:00
6796,,,LOG,0.0,,,2025-10-08 11:48:28.185000+07:00
6796,,,LOG,0.0,,,2025-10-08 11:48:28.246000+07:00
6938,[unknown],[unknown],CONNECT_RECEIVED,0.0,,,2025-10-08 11:52:03.110000+07:00
6941,[unknown],[unknown],CONNECT_RECEIVED,0.0,,,2025-10-08 11:52:05.523000+07:00
6941,postgres,testdb,LOG,0.0,,,2025-10-08 11:52:05.553000+07:00
6941,postgres,testdb,CONNECT_AUTHORIZED,0.0,,,2025-10-08 11:52:05.555000+07:00
6941,postgres,testdb,AUDIT_SELECT,0.0,SELECT,SELECT n.nspname as,2025-10-08 11:52:40.950000+07:00
6941,postgres,testdb,AUDIT_SELECT,0.0,SELECT,SELECT n.nspname as,2025-10-08 11:52:40.954000+07:00
6941,postgres,testdb,AUDIT_SELECT,0.0,SELECT,SELECT n.nspname as,2025-10-08 11:52:40.954000+07:00
6941,postgres,testdb,LOG,0.0,,,2025-10-08 11:53:08.928000+07:00
6827,postgres,postgres,LOG,0.0,,,2025-10-08 11:58:10.610000+07:00
6827,postgres,postgres,LOG,0.0,,,2025-10-08 12:12:53.441000+07:00
6827,postgres,postgres,LOG,0.0,,,2025-10-08 12:13:00.041000+07:00
6827,postgres,postgres,LOG,0.0,,,2025-10-08 12:14:21.209000+07:00
6827,postgres,postgres,LOG,0.0,,,2025-10-08 12:14:23.858000+07:00
6827,postgres,postgres,LOG,0.0,,,2025-10-08 12:14:25.801000+07:00
6827,postgres,postgres,LOG,0.0,,,2025-10-08 12:14:26.512000+07:00
6827,postgres,postgres,LOG,0.0,,,2025-10-08 12:14:27.033000+07:00
6827,postgres,postgres,LOG,0.0,,,2025-10-08 12:14:27.548000+07:00
6827,postgres,postgres,LOG,0.0,,,2025-10-08 12:14:28.017000+07:00
6941,postgres,testdb,LOG,0.0,,,2025-10-08 12:16:51.317000+07:00
6827,postgres,postgres,DISCONNECT,1998.51,,,2025-10-08 12:17:11.107000+07:00
7434,[unknown],[unknown],CONNECT_RECEIVED,0.0,,,2025-10-08 12:17:14.730000+07:00
7435,[unknown],[unknown],CONNECT_RECEIVED,0.0,,,2025-10-08 12:17:16.795000+07:00
7435,postgres,postgres,FATAL,0.0,,,2025-10-08 12:17:16.827000+07:00
7435,postgres,postgres,DETAIL,0.0,,,2025-10-08 12:17:16.827000+07:00
7436,[unknown],[unknown],CONNECT_RECEIVED,0.0,,,2025-10-08 12:17:16.837000+07:00
7436,postgres,postgres,FATAL,0.0,,,2025-10-08 12:17:16.877000+07:00
7436,postgres,postgres,DETAIL,0.0,,,2025-10-08 12:17:16.877000+07:00
7439,[unknown],[unknown],CONNECT_RECEIVED,0.0,,,2025-10-08 12:17:21.864000+07:00
7442,[unknown],[unknown],CONNECT_RECEIVED,0.0,,,2025-10-08 12:17:24.292000+07:00
7442,postgres,postgres,FATAL,0.0,,,2025-10-08 12:17:24.321000+07:00
7442,postgres,postgres,DETAIL,0.0,,,2025-10-08 12:17:24.321000+07:00
7443,[unknown],[unknown],CONNECT_RECEIVED,0.0,,,2025-10-08 12:17:24.326000+07:00
7443,postgres,postgres,FATAL,0.0,,,2025-10-08 12:17:24.350000+07:00
7443,postgres,postgres,DETAIL,0.0,,,2025-10-08 12:17:24.350000+07:00
7447,[unknown],[unknown],CONNECT_RECEIVED,0.0,,,2025-10-08 12:17:45.186000+07:00
7448,[unknown],[unknown],CONNECT_RECEIVED,0.0,,,2025-10-08 12:17:47.395000+07:00
7448,postgres,postgres,LOG,0.0,,,2025-10-08 12:17:47.425000+07:00
7448,postgres,postgres,CONNECT_AUTHORIZED,0.0,,,2025-10-08 12:17:47.425000+07:00
7448,postgres,postgres,ERROR,0.0,,,2025-10-08 12:18:09.539000+07:00
7448,postgres,postgres,STATEMENT,0.0,,,2025-10-08 12:18:09.539000+07:00
7448,postgres,postgres,ERROR,0.0,,,2025-10-08 12:19:30.716000+07:00
7448,postgres,postgres,STATEMENT,0.0,,,2025-10-08 12:19:30.716000+07:00
7448,postgres,postgres,ERROR,0.0,,,2025-10-08 12:19:40.955000+07:00
7448,postgres,postgres,STATEMENT,0.0,,,2025-10-08 12:19:40.955000+07:00
7448,postgres,postgres,LOG,0.0,,,2025-10-08 12:19:46.247000+07:00
7448,postgres,postgres,LOG,0.0,,,2025-10-08 12:19:48.386000+07:00
7448,postgres,postgres,LOG,0.0,,,2025-10-08 12:19:49.107000+07:00
7448,postgres,postgres,LOG,0.0,,,2025-10-08 12:19:49.602000+07:00
7448,postgres,postgres,LOG,0.0,,,2025-10-08 12:19:50.067000+07:00
7448,postgres,postgres,LOG,0.0,,,2025-10-08 12:19:50.516000+07:00
7448,postgres,postgres,LOG,0.0,,,2025-10-08 12:19:51.089000+07:00
7448,postgres,postgres,LOG,0.0,,,2025-10-08 12:19:51.594000+07:00
7448,postgres,postgres,LOG,0.0,,,2025-10-08 12:19:53.131000+07:00
7448,postgres,postgres,LOG,0.0,,,2025-10-08 12:19:53.707000+07:00
7448,postgres,postgres,LOG,0.0,,,2025-10-08 12:19:54.227000+07:00
7448,postgres,postgres,LOG,0.0,,,2025-10-08 12:19:55.090000+07:00
7448,postgres,postgres,DISCONNECT,145.984,,,2025-10-08 12:20:13.380000+07:00
6941,postgres,testdb,DISCONNECT,1690.506,,,2025-10-08 12:20:16.029000+07:00
6791,,,LOG,0.0,,,2025-10-08 12:22:42.306000+07:00
6791,,,LOG,0.0,,,2025-10-08 12:22:42.358000+07:00
6791,,,LOG,0.0,,,2025-10-08 12:22:42.846000+07:00
6796,,,LOG,0.0,,,2025-10-08 12:22:42.867000+07:00
6796,,,LOG,0.0,,,2025-10-08 12:22:42.923000+07:00
6796,,,LOG,0.0,,,2025-10-08 12:22:43.135000+07:00
6791,,,LOG,0.0,,,2025-10-08 12:22:43.676000+07:00
756,,,LOG,0.0,,,2025-10-08 19:56:59.903000+07:00
756,,,LOG,0.0,,,2025-10-08 19:56:59.990000+07:00
756,,,LOG,0.0,,,2025-10-08 19:56:59.990000+07:00
756,,,LOG,0.0,,,2025-10-08 19:57:00.158000+07:00
892,,,LOG,0.0,,,2025-10-08 19:57:00.873000+07:00
756,,,LOG,0.0,,,2025-10-08 19:57:01.381000+07:00
964,[unknown],[unknown],CONNECT_RECEIVED,0.0,,,2025-10-08 19:57:02.172000+07:00
1011,[unknown],[unknown],CONNECT_RECEIVED,0.0,,,2025-10-08 19:57:03.205000+07:00
1011,postgres,template1,LOG,0.0,,,2025-10-08 19:57:03.302000+07:00
1011,postgres,template1,CONNECT_AUTHORIZED,0.0,,,2025-10-08 19:57:03.302000+07:00
1011,postgres,template1,DISCONNECT,0.528,,,2025-10-08 19:57:03.709000+07:00
1062,[unknown],[unknown],CONNECT_RECEIVED,0.0,,,2025-10-08 19:57:04.431000+07:00
1062,postgres,template1,LOG,0.0,,,2025-10-08 19:57:04.470000+07:00
1062,postgres,template1,CONNECT_AUTHORIZED,0.0,,,2025-10-08 19:57:04.470000+07:00
1062,postgres,template1,DISCONNECT,0.104,,,2025-10-08 19:57:04.524000+07:00
1067,[unknown],[unknown],CONNECT_RECEIVED,0.0,,,2025-10-08 19:57:05.271000+07:00
1067,postgres,template1,LOG,0.0,,,2025-10-08 19:57:05.273000+07:00
1067,postgres,template1,CONNECT_AUTHORIZED,0.0,,,2025-10-08 19:57:05.315000+07:00
1067,postgres,template1,DISCONNECT,0.089,,,2025-10-08 19:57:05.353000+07:00
890,,,LOG,0.0,,,2025-10-08 20:02:03.362000+07:00
890,,,LOG,0.0,,,2025-10-08 20:02:03.459000+07:00
4632,[unknown],[unknown],CONNECT_RECEIVED,0.0,,,2025-10-08 20:18:15.976000+07:00
4634,[unknown],[unknown],CONNECT_RECEIVED,0.0,,,2025-10-08 20:18:19.703000+07:00
4634,postgres,postgres,LOG,0.0,,,2025-10-08 20:18:19.734000+07:00
4634,postgres,postgres,CONNECT_AUTHORIZED,0.0,,,2025-10-08 20:18:19.734000+07:00
4634,postgres,postgres,LOG,0.0,,,2025-10-08 20:19:05.059000+07:00
4634,postgres,postgres,LOG,0.0,,,2025-10-08 20:20:03.251000+07:00
4634,postgres,postgres,DISCONNECT,206.493,,,2025-10-08 20:21:46.196000+07:00
4669,[unknown],[unknown],CONNECT_RECEIVED,0.0,,,2025-10-08 20:21:51.135000+07:00
4670,[unknown],[unknown],CONNECT_RECEIVED,0.0,,,2025-10-08 20:21:53.461000+07:00
4670,postgres,testdb,LOG,0.0,,,2025-10-08 20:21:53.491000+07:00
4670,postgres,testdb,CONNECT_AUTHORIZED,0.0,,,2025-10-08 20:21:53.492000+07:00
4670,postgres,testdb,LOG,0.0,,,2025-10-08 20:22:03.288000+07:00
890,,,LOG,0.0,,,2025-10-08 20:22:03.862000+07:00
890,,,LOG,0.0,,,2025-10-08 20:22:04.748000+07:00
4670,postgres,testdb,LOG,0.0,,,2025-10-08 20:22:25.481000+07:00
4670,postgres,testdb,LOG,0.0,,,2025-10-08 20:22:48.818000+07:00
4670,postgres,testdb,DISCONNECT,64.397,,,2025-10-08 20:22:57.859000+07:00
4684,[unknown],[unknown],CONNECT_RECEIVED,0.0,,,2025-10-08 20:23:10.331000+07:00
4685,[unknown],[unknown],CONNECT_RECEIVED,0.0,,,2025-10-08 20:23:12.549000+07:00
4685,user1,testdb,LOG,0.0,,,2025-10-08 20:23:12.581000+07:00
4685,user1,testdb,CONNECT_AUTHORIZED,0.0,,,2025-10-08 20:23:12.581000+07:00
4685,user1,testdb,AUDIT_SELECT,0.0,SELECT,SELECT n.nspname as,2025-10-08 20:23:16.307000+07:00
4685,user1,testdb,AUDIT_SELECT,0.0,SELECT,SELECT n.nspname as,2025-10-08 20:23:16.307000+07:00
4685,user1,testdb,AUDIT_SELECT,0.0,SELECT,SELECT n.nspname as,2025-10-08 20:23:16.307000+07:00
4685,user1,testdb,LOG,0.0,,,2025-10-08 20:24:24.170000+07:00
4685,user1,testdb,ERROR,0.0,,,2025-10-08 20:25:00.151000+07:00
4685,user1,testdb,STATEMENT,0.0,,,2025-10-08 20:25:00.151000+07:00
4685,user1,testdb,DISCONNECT,146.356,,,2025-10-08 20:25:38.906000+07:00
890,,,LOG,0.0,,,2025-10-08 20:27:03.848000+07:00
890,,,LOG,0.0,,,2025-10-08 20:27:05.338000+07:00
756,,,LOG,0.0,,,2025-10-08 21:13:31.375000+07:00
756,,,LOG,0.0,,,2025-10-08 21:13:31.394000+07:00
756,,,LOG,0.0,,,2025-10-08 21:13:31.989000+07:00
890,,,LOG,0.0,,,2025-10-08 21:13:31.990000+07:00
890,,,LOG,0.0,,,2025-10-08 21:13:32.012000+07:00
890,,,LOG,0.0,,,2025-10-08 21:13:32.224000+07:00
756,,,LOG,0.0,,,2025-10-08 21:13:32.502000+07:00
789,,,LOG,0.0,,,2025-10-09 09:39:25.921000+07:00
789,,,LOG,0.0,,,2025-10-09 09:39:25.952000+07:00
789,,,LOG,0.0,,,2025-10-09 09:39:25.952000+07:00
789,,,LOG,0.0,,,2025-10-09 09:39:26.024000+07:00
945,,,LOG,0.0,,,2025-10-09 09:39:26.960000+07:00
789,,,LOG,0.0,,,2025-10-09 09:39:27.413000+07:00
1024,[unknown],[unknown],CONNECT_RECEIVED,0.0,,,2025-10-09 09:39:28.137000+07:00
1056,[unknown],[unknown],CONNECT_RECEIVED,0.0,,,2025-10-09 09:39:29.164000+07:00
1056,postgres,template1,LOG,0.0,,,2025-10-09 09:39:29.231000+07:00
1056,postgres,template1,CONNECT_AUTHORIZED,0.0,,,2025-10-09 09:39:29.237000+07:00
1056,postgres,template1,DISCONNECT,0.641,,,2025-10-09 09:39:29.796000+07:00
1075,[unknown],[unknown],CONNECT_RECEIVED,0.0,,,2025-10-09 09:39:30.620000+07:00
1075,postgres,template1,LOG,0.0,,,2025-10-09 09:39:30.672000+07:00
1075,postgres,template1,CONNECT_AUTHORIZED,0.0,,,2025-10-09 09:39:30.672000+07:00
1075,postgres,template1,DISCONNECT,0.131,,,2025-10-09 09:39:30.739000+07:00
1078,[unknown],[unknown],CONNECT_RECEIVED,0.0,,,2025-10-09 09:39:31.472000+07:00
1078,postgres,template1,LOG,0.0,,,2025-10-09 09:39:31.475000+07:00
1078,postgres,template1,CONNECT_AUTHORIZED,0.0,,,2025-10-09 09:39:31.544000+07:00
1078,postgres,template1,DISCONNECT,0.147,,,2025-10-09 09:39:31.612000+07:00
938,,,LOG,0.0,,,2025-10-09 09:44:29.626000+07:00
938,,,LOG,0.0,,,2025-10-09 09:44:29.706000+07:00
13034,,,LOG,0.0,,,2025-10-08 17:02:57.606000+07:00
13034,,,LOG,0.0,,,2025-10-08 17:02:57.609000+07:00
13034,,,LOG,0.0,,,2025-10-08 17:02:57.610000+07:00
13034,,,LOG,0.0,,,2025-10-08 17:02:57.614000+07:00
13041,,,LOG,0.0,,,2025-10-08 17:02:57.649000+07:00
13034,,,LOG,0.0,,,2025-10-08 17:02:57.685000+07:00
13039,,,LOG,0.0,,,2025-10-08 17:07:57.733000+07:00
13039,,,LOG,0.0,,,2025-10-08 17:07:57.866000+07:00
13327,postgres,postgres,LOG,0.0,,,2025-10-08 17:24:04.412000+07:00
13327,postgres,postgres,LOG,0.0,,,2025-10-08 17:25:33.493000+07:00
13353,postgres,companydb,LOG,0.0,,,2025-10-08 17:25:49.221000+07:00
13353,postgres,companydb,LOG,0.0,,,2025-10-08 17:26:32.543000+07:00
13353,postgres,companydb,LOG,0.0,,,2025-10-08 17:26:41.818000+07:00
13353,postgres,companydb,LOG,0.0,,,2025-10-08 17:26:48.983000+07:00
13353,postgres,companydb,LOG,0.0,,,2025-10-08 17:26:56.490000+07:00
13353,postgres,companydb,AUDIT_SELECT,0.0,SELECT,SELECT 1 FROM ONLY,2025-10-08 17:26:56.498000+07:00
13353,postgres,companydb,AUDIT_SELECT,0.0,SELECT,SELECT 1 FROM ONLY,2025-10-08 17:26:56.501000+07:00
13353,postgres,companydb,AUDIT_SELECT,0.0,SELECT,SELECT 1 FROM ONLY,2025-10-08 17:26:56.502000+07:00
13353,postgres,companydb,AUDIT_SELECT,0.0,SELECT,SELECT 1 FROM ONLY,2025-10-08 17:26:56.502000+07:00
13353,postgres,companydb,LOG,0.0,,,2025-10-08 17:27:03.440000+07:00
13353,postgres,companydb,AUDIT_SELECT,0.0,SELECT,SELECT 1 FROM ONLY,2025-10-08 17:27:03.442000+07:00
13353,postgres,companydb,AUDIT_SELECT,0.0,SELECT,SELECT 1 FROM ONLY,2025-10-08 17:27:03.443000+07:00
13353,postgres,companydb,AUDIT_SELECT,0.0,SELECT,SELECT 1 FROM ONLY,2025-10-08 17:27:03.443000+07:00
13353,postgres,companydb,LOG,0.0,,,2025-10-08 17:27:11.745000+07:00
13353,postgres,companydb,LOG,0.0,,,2025-10-08 17:27:18.274000+07:00
13039,,,LOG,0.0,,,2025-10-08 17:27:58.261000+07:00
13353,postgres,companydb,LOG,0.0,,,2025-10-08 17:28:19.548000+07:00
13353,postgres,companydb,LOG,0.0,,,2025-10-08 17:28:19.554000+07:00
13039,,,LOG,0.0,,,2025-10-08 17:29:37.165000+07:00
13353,postgres,companydb,LOG,0.0,,,2025-10-08 17:40:55.816000+07:00
13353,postgres,companydb,LOG,0.0,,,2025-10-08 17:40:55.824000+07:00
13353,postgres,companydb,LOG,0.0,,,2025-10-08 17:40:55.832000+07:00
13353,postgres,companydb,AUDIT_GRANT,0.0,GRANT,"GRANT CONNECT ON DATABASE companydb TO admin_user, dev_user, analyst_user",2025-10-08 17:41:18.036000+07:00
13353,postgres,companydb,AUDIT_GRANT,0.0,GRANT,"GRANT USAGE ON SCHEMA public TO admin_user, dev_user, analyst_user",2025-10-08 17:41:47.314000+07:00
13353,postgres,companydb,LOG,0.0,,,2025-10-08 17:41:47.319000+07:00
13353,postgres,companydb,AUDIT_GRANT,0.0,GRANT,"GRANT SELECT, INSERT, UPDATE, DELETE ON ALL TABLES IN SCHEMA public TO dev_user",2025-10-08 17:41:47.321000+07:00
13353,postgres,companydb,LOG,0.0,,,2025-10-08 17:41:47.325000+07:00
13353,postgres,companydb,AUDIT_GRANT,0.0,GRANT,"GRANT CREATE ON SCHEMA public TO admin_user, dev_user",2025-10-08 17:41:47.331000+07:00
13353,postgres,companydb,LOG,0.0,,,2025-10-08 17:42:15.088000+07:00
13353,postgres,companydb,LOG,0.0,,,2025-10-08 17:42:15.091000+07:00
13353,postgres,companydb,LOG,0.0,,,2025-10-08 17:42:15.094000+07:00
13039,,,LOG,0.0,,,2025-10-08 17:42:58.466000+07:00
13039,,,LOG,0.0,,,2025-10-08 17:43:00.313000+07:00
13353,postgres,companydb,LOG,0.0,,,2025-10-08 18:16:02.977000+07:00
16134,postgres,postgres,LOG,0.0,,,2025-10-09 10:34:48.500000+07:00
16134,postgres,postgres,LOG,0.0,,,2025-10-09 10:36:22.226000+07:00
16134,postgres,postgres,LOG,0.0,,,2025-10-09 10:37:19.422000+07:00
16134,postgres,postgres,LOG,0.0,,,2025-10-09 10:56:27.424000+07:00
16134,postgres,postgres,AUDIT_SELECT,0.0,SELECT,SELECT n.nspname as,2025-10-09 10:57:26.892000+07:00
16134,postgres,postgres,LOG,0.0,,,2025-10-09 10:57:42.969000+07:00
16423,postgres,companydb,AUDIT_SELECT,0.0,SELECT,SELECT n.nspname as,2025-10-09 10:57:46.703000+07:00
16423,postgres,companydb,AUDIT_SELECT,0.0,SELECT,SELECT n.nspname as,2025-10-09 10:57:59.592000+07:00
16423,postgres,companydb,LOG,0.0,,,2025-10-09 10:58:33.922000+07:00
16423,postgres,companydb,LOG,0.0,,,2025-10-09 10:58:33.928000+07:00
16423,postgres,companydb,LOG,0.0,,,2025-10-09 10:58:33.931000+07:00
13039,,,LOG,0.0,,,2025-10-09 10:59:10.927000+07:00
13039,,,LOG,0.0,,,2025-10-09 10:59:11.291000+07:00
16423,postgres,companydb,LOG,0.0,,,2025-10-09 11:11:01.118000+07:00
16423,postgres,companydb,LOG,0.0,,,2025-10-09 11:11:01.121000+07:00
16423,postgres,companydb,LOG,0.0,,,2025-10-09 11:11:01.126000+07:00
16423,postgres,companydb,LOG,0.0,,,2025-10-09 11:12:01.395000+07:00
16423,postgres,companydb,LOG,0.0,,,2025-10-09 11:12:01.397000+07:00
16423,postgres,companydb,LOG,0.0,,,2025-10-09 11:12:01.401000+07:00
13039,,,LOG,0.0,,,2025-10-09 11:14:10.568000+07:00
13039,,,LOG,0.0,,,2025-10-09 11:14:10.691000+07:00
16666,postgres,ngdinhkhoi,FATAL,0.0,,,2025-10-09 11:14:51.402000+07:00
16665,postgres,postgres,LOG,0.0,,,2025-10-09 11:14:58.027000+07:00
16675,postgres,ngdinhkhoi,FATAL,0.0,,,2025-10-09 11:15:07.965000+07:00
16687,postgres,postgres,LOG,0.0,,,2025-10-09 11:15:43.956000+07:00
16713,ngdinhkhoi,postgres,LOG,0.0,,,2025-10-09 11:18:33.794000+07:00
16725,ngdinhkhoi,company_db,LOG,0.0,,,2025-10-09 11:18:47.445000+07:00
16725,ngdinhkhoi,company_db,LOG,0.0,,,2025-10-09 11:18:52.239000+07:00
16725,ngdinhkhoi,company_db,LOG,0.0,,,2025-10-09 11:19:04.091000+07:00
13039,,,LOG,0.0,,,2025-10-09 11:19:10.781000+07:00
13039,,,LOG,0.0,,,2025-10-09 11:20:48.449000+07:00
16725,ngdinhkhoi,company_db,LOG,0.0,,,2025-10-09 11:22:38.229000+07:00
16725,ngdinhkhoi,company_db,LOG,0.0,,,2025-10-09 11:28:53.763000+07:00
16725,ngdinhkhoi,company_db,LOG,0.0,,,2025-10-09 11:28:59.203000+07:00
16725,ngdinhkhoi,company_db,LOG,0.0,,,2025-10-09 11:29:06.946000+07:00
13039,,,LOG,0.0,,,2025-10-09 11:29:10.654000+07:00
13039,,,LOG,0.0,,,2025-10-09 11:29:10.979000+07:00
16725,ngdinhkhoi,company_db,LOG,0.0,,,2025-10-09 11:29:11.801000+07:00
16725,ngdinhkhoi,company_db,LOG,0.0,,,2025-10-09 11:29:17.645000+07:00
16725,ngdinhkhoi,company_db,LOG,0.0,,,2025-10-09 11:29:22.120000+07:00
16725,ngdinhkhoi,company_db,LOG,0.0,,,2025-10-09 11:29:22.125000+07:00
16725,ngdinhkhoi,company_db,LOG,0.0,,,2025-10-09 11:29:42.054000+07:00
16725,ngdinhkhoi,company_db,LOG,0.0,,,2025-10-09 11:29:46.220000+07:00
16725,ngdinhkhoi,company_db,AUDIT_SELECT,0.0,SELECT,SELECT 1 FROM ONLY,2025-10-09 11:29:46.235000+07:00
16725,ngdinhkhoi,company_db,AUDIT_SELECT,0.0,SELECT,SELECT 1 FROM ONLY,2025-10-09 11:29:46.237000+07:00
16725,ngdinhkhoi,company_db,AUDIT_SELECT,0.0,SELECT,SELECT 1 FROM ONLY,2025-10-09 11:29:46.238000+07:00
16725,ngdinhkhoi,company_db,AUDIT_SELECT,0.0,SELECT,SELECT 1 FROM ONLY,2025-10-09 11:29:46.238000+07:00
16725,ngdinhkhoi,company_db,AUDIT_SELECT,0.0,SELECT,SELECT 1 FROM ONLY,2025-10-09 11:29:46.238000+07:00
16725,ngdinhkhoi,company_db,LOG,0.0,,,2025-10-09 11:29:50.795000+07:00
13039,,,LOG,0.0,,,2025-10-09 11:34:11.019000+07:00
13039,,,LOG,0.0,,,2025-10-09 11:34:16.006000+07:00
1340,,,LOG,0.0,,,2025-10-09 13:14:42.248000+07:00
1340,,,LOG,0.0,,,2025-10-09 13:14:42.248000+07:00
1340,,,LOG,0.0,,,2025-10-09 13:14:42.248000+07:00
1340,,,LOG,0.0,,,2025-10-09 13:14:42.255000+07:00
1458,,,LOG,0.0,,,2025-10-09 13:14:42.343000+07:00
1458,,,LOG,0.0,,,2025-10-09 13:14:42.585000+07:00
1458,,,LOG,0.0,,,2025-10-09 13:14:42.615000+07:00
1458,,,LOG,0.0,,,2025-10-09 13:14:42.615000+07:00
1458,,,LOG,0.0,,,2025-10-09 13:14:42.615000+07:00
1456,,,LOG,0.0,,,2025-10-09 13:14:42.630000+07:00
1456,,,LOG,0.0,,,2025-10-09 13:14:42.647000+07:00
1340,,,LOG,0.0,,,2025-10-09 13:14:42.671000+07:00
4117,postgres,postgres,ERROR,0.0,,,2025-10-09 13:44:42.124000+07:00
4117,postgres,postgres,STATEMENT,0.0,,,2025-10-09 13:44:42.124000+07:00
4117,postgres,postgres,LOG,0.0,,,2025-10-09 13:45:54.795000+07:00
4117,postgres,postgres,LOG,0.0,,,2025-10-09 13:46:06.854000+07:00
4117,postgres,postgres,LOG,0.0,,,2025-10-09 13:46:06.892000+07:00
4117,postgres,postgres,LOG,0.0,,,2025-10-09 13:46:06.901000+07:00
4117,postgres,postgres,LOG,0.0,,,2025-10-09 13:46:06.904000+07:00
4117,postgres,postgres,LOG,0.0,,,2025-10-09 13:46:13.258000+07:00
4117,postgres,postgres,LOG,0.0,,,2025-10-09 13:46:13.276000+07:00
4117,postgres,postgres,AUDIT_SELECT,0.0,SELECT,SELECT 1 FROM ONLY,2025-10-09 13:46:13.291000+07:00
4117,postgres,postgres,AUDIT_SELECT,0.0,SELECT,SELECT 1 FROM ONLY,2025-10-09 13:46:13.292000+07:00
4117,postgres,postgres,AUDIT_SELECT,0.0,SELECT,SELECT 1 FROM ONLY,2025-10-09 13:46:13.292000+07:00
4117,postgres,postgres,AUDIT_SELECT,0.0,SELECT,SELECT 1 FROM ONLY,2025-10-09 13:46:13.292000+07:00
4117,postgres,postgres,AUDIT_SELECT,0.0,SELECT,SELECT 1 FROM ONLY,2025-10-09 13:46:13.292000+07:00
4117,postgres,postgres,AUDIT_SELECT,0.0,SELECT,SELECT 1 FROM ONLY,2025-10-09 13:46:13.292000+07:00
4117,postgres,postgres,LOG,0.0,,,2025-10-09 13:46:13.321000+07:00
4117,postgres,postgres,AUDIT_SELECT,0.0,SELECT,SELECT 1 FROM ONLY,2025-10-09 13:46:13.322000+07:00
4117,postgres,postgres,AUDIT_SELECT,0.0,SELECT,SELECT 1 FROM ONLY,2025-10-09 13:46:13.323000+07:00
4117,postgres,postgres,AUDIT_SELECT,0.0,SELECT,SELECT 1 FROM ONLY,2025-10-09 13:46:13.323000+07:00
4117,postgres,postgres,AUDIT_SELECT,0.0,SELECT,SELECT 1 FROM ONLY,2025-10-09 13:46:13.323000+07:00
4117,postgres,postgres,AUDIT_SELECT,0.0,SELECT,SELECT 1 FROM ONLY,2025-10-09 13:46:13.323000+07:00
4117,postgres,postgres,LOG,0.0,,,2025-10-09 13:46:13.323000+07:00
4117,postgres,postgres,AUDIT_SELECT,0.0,SELECT,SELECT 1 FROM ONLY,2025-10-09 13:46:13.325000+07:00
4117,postgres,postgres,AUDIT_SELECT,0.0,SELECT,SELECT 1 FROM ONLY,2025-10-09 13:46:13.325000+07:00
4117,postgres,postgres,AUDIT_SELECT,0.0,SELECT,SELECT 1 FROM ONLY,2025-10-09 13:46:13.325000+07:00
4117,postgres,postgres,AUDIT_SELECT,0.0,SELECT,SELECT 1 FROM ONLY,2025-10-09 13:46:13.325000+07:00
4117,postgres,postgres,AUDIT_SELECT,0.0,SELECT,SELECT 1 FROM ONLY,2025-10-09 13:46:13.325000+07:00
4117,postgres,postgres,AUDIT_SELECT,0.0,SELECT,SELECT 1 FROM ONLY,2025-10-09 13:46:13.325000+07:00
4117,postgres,postgres,AUDIT_SELECT,0.0,SELECT,SELECT 1 FROM ONLY,2025-10-09 13:46:13.325000+07:00
4117,postgres,postgres,AUDIT_SELECT,0.0,SELECT,SELECT 1 FROM ONLY,2025-10-09 13:46:13.325000+07:00
4117,postgres,postgres,AUDIT_SELECT,0.0,SELECT,SELECT 1 FROM ONLY,2025-10-09 13:46:13.325000+07:00
4117,postgres,postgres,AUDIT_SELECT,0.0,SELECT,SELECT 1 FROM ONLY,2025-10-09 13:46:13.325000+07:00
4117,postgres,postgres,AUDIT_SELECT,0.0,SELECT,SELECT 1 FROM ONLY,2025-10-09 13:46:13.325000+07:00
4117,postgres,postgres,AUDIT_SELECT,0.0,SELECT,SELECT 1 FROM ONLY,2025-10-09 13:46:13.326000+07:00
4117,postgres,postgres,LOG,0.0,,,2025-10-09 13:46:19.082000+07:00
4117,postgres,postgres,LOG,0.0,,,2025-10-09 13:46:23.300000+07:00
4117,postgres,postgres,LOG,0.0,,,2025-10-09 13:46:27.944000+07:00
4117,postgres,postgres,LOG,0.0,,,2025-10-09 13:46:32.216000+07:00
4117,postgres,postgres,LOG,0.0,,,2025-10-09 13:46:32.217000+07:00
4117,postgres,postgres,LOG,0.0,,,2025-10-09 13:46:32.218000+07:00
1456,,,LOG,0.0,,,2025-10-09 13:48:24.645000+07:00
4117,postgres,postgres,AUDIT_SELECT,0.0,SELECT,SELECT n.nspname as,2025-10-09 13:49:24.776000+07:00
1456,,,LOG,0.0,,,2025-10-09 13:50:08.228000+07:00
4117,postgres,postgres,ERROR,0.0,,,2025-10-09 13:50:19.621000+07:00
4117,postgres,postgres,STATEMENT,0.0,,,2025-10-09 13:50:19.621000+07:00
4117,postgres,postgres,LOG,0.0,,,2025-10-09 13:50:19.631000+07:00
4117,postgres,postgres,AUDIT_GRANT,0.0,GRANT,"GRANT CONNECT ON DATABASE company_demo TO analyst_user, editor_user",2025-10-09 13:50:25.105000+07:00
4149,postgres,company_demo,LOG,0.0,,,2025-10-09 13:50:30.754000+07:00
4149,postgres,company_demo,LOG,0.0,,,2025-10-09 13:50:30.755000+07:00
4149,postgres,company_demo,ERROR,0.0,,,2025-10-09 13:50:38.735000+07:00
4149,postgres,company_demo,STATEMENT,0.0,,,2025-10-09 13:50:38.735000+07:00
4149,postgres,company_demo,ERROR,0.0,,,2025-10-09 13:50:38.735000+07:00
4149,postgres,company_demo,STATEMENT,0.0,,,2025-10-09 13:50:38.735000+07:00
4149,postgres,company_demo,ERROR,0.0,,,2025-10-09 13:50:38.736000+07:00
4149,postgres,company_demo,STATEMENT,0.0,,,2025-10-09 13:50:38.736000+07:00
4149,postgres,company_demo,LOG,0.0,,,2025-10-09 13:50:44.357000+07:00
4149,postgres,company_demo,AUDIT_GRANT,0.0,GRANT,"GRANT SELECT, INSERT, UPDATE, DELETE ON ALL TABLES IN SCHEMA public TO editor_user",2025-10-09 13:50:44.358000+07:00
4149,postgres,company_demo,ERROR,0.0,,,2025-10-09 13:50:48.814000+07:00
4149,postgres,company_demo,STATEMENT,0.0,,,2025-10-09 13:50:48.814000+07:00
4149,postgres,company_demo,ERROR,0.0,,,2025-10-09 13:50:48.815000+07:00
4149,postgres,company_demo,STATEMENT,0.0,,,2025-10-09 13:50:48.815000+07:00
4149,postgres,company_demo,ERROR,0.0,,,2025-10-09 13:50:48.816000+07:00
4149,postgres,company_demo,STATEMENT,0.0,,,2025-10-09 13:50:48.816000+07:00
4149,postgres,company_demo,ERROR,0.0,,,2025-10-09 13:51:05.982000+07:00
4149,postgres,company_demo,STATEMENT,0.0,,,2025-10-09 13:51:05.982000+07:00
4149,postgres,company_demo,ERROR,0.0,,,2025-10-09 13:51:05.982000+07:00
4149,postgres,company_demo,STATEMENT,0.0,,,2025-10-09 13:51:05.982000+07:00
4149,postgres,company_demo,LOG,0.0,,,2025-10-09 13:51:11.342000+07:00
1456,,,LOG,0.0,,,2025-10-09 13:53:24.329000+07:00
1456,,,LOG,0.0,,,2025-10-09 13:53:25.244000+07:00
4242,postgres,postgres,LOG,0.0,,,2025-10-09 14:05:05.285000+07:00
1234,,,LOG,0.0,,,2025-10-09 15:09:03.248000+07:00
1234,,,LOG,0.0,,,2025-10-09 15:09:03.255000+07:00
1234,,,LOG,0.0,,,2025-10-09 15:09:03.256000+07:00
1234,,,LOG,0.0,,,2025-10-09 15:09:03.260000+07:00
1369,,,LOG,0.0,,,2025-10-09 15:09:03.400000+07:00
1369,,,LOG,0.0,,,2025-10-09 15:09:03.693000+07:00
1369,,,LOG,0.0,,,2025-10-09 15:09:03.703000+07:00
1369,,,LOG,0.0,,,2025-10-09 15:09:03.703000+07:00
1369,,,LOG,0.0,,,2025-10-09 15:09:03.703000+07:00
1354,,,LOG,0.0,,,2025-10-09 15:09:03.716000+07:00
1354,,,LOG,0.0,,,2025-10-09 15:09:03.730000+07:00
1234,,,LOG,0.0,,,2025-10-09 15:09:03.758000+07:00
4017,postgres,postgres,AUDIT_SELECT,0.0,SELECT,SELECT n.nspname as,2025-10-09 15:14:19.014000+07:00
4019,postgres,ngdinhkhoi,FATAL,0.0,,,2025-10-09 15:14:31.088000+07:00
4017,postgres,postgres,LOG,0.0,,,2025-10-09 15:16:28.739000+07:00
4017,postgres,postgres,LOG,0.0,,,2025-10-09 15:17:44.469000+07:00
4017,postgres,postgres,LOG,0.0,,,2025-10-09 15:18:54.503000+07:00
4017,postgres,postgres,LOG,0.0,,,2025-10-09 15:18:54.512000+07:00
4017,postgres,postgres,ERROR,0.0,,,2025-10-09 15:18:54.513000+07:00
4017,postgres,postgres,CONTEXT,0.0,,,2025-10-09 15:18:54.513000+07:00
4017,postgres,postgres,STATEMENT,0.0,,,2025-10-09 15:18:54.513000+07:00
4017,postgres,postgres,LOG,0.0,,,2025-10-09 15:19:05.388000+07:00
4017,postgres,postgres,AUDIT_SELECT,0.0,SELECT,SELECT 'DROP DATABASE,2025-10-09 15:19:40.922000+07:00
1354,,,LOG,0.0,,,2025-10-09 15:19:55.106000+07:00
1354,,,LOG,0.0,,,2025-10-09 15:19:55.112000+07:00
4017,postgres,postgres,AUDIT_DROP DATABASE,0.0,DROP DATABASE,DROP DATABASE,2025-10-09 15:19:55.120000+07:00
1354,,,LOG,0.0,,,2025-10-09 15:19:55.121000+07:00
1354,,,LOG,0.0,,,2025-10-09 15:19:55.128000+07:00
4017,postgres,postgres,AUDIT_DROP DATABASE,0.0,DROP DATABASE,DROP DATABASE,2025-10-09 15:19:55.136000+07:00
1354,,,LOG,0.0,,,2025-10-09 15:19:55.137000+07:00
1354,,,LOG,0.0,,,2025-10-09 15:19:55.144000+07:00
4017,postgres,postgres,AUDIT_DROP DATABASE,0.0,DROP DATABASE,DROP DATABASE,2025-10-09 15:19:55.151000+07:00
1354,,,LOG,0.0,,,2025-10-09 15:19:55.153000+07:00
1354,,,LOG,0.0,,,2025-10-09 15:19:55.159000+07:00
4017,postgres,postgres,AUDIT_DROP DATABASE,0.0,DROP DATABASE,DROP DATABASE,2025-10-09 15:19:55.167000+07:00
4017,postgres,postgres,LOG,0.0,,,2025-10-09 15:20:01.196000+07:00
1354,,,LOG,0.0,,,2025-10-09 15:24:55.249000+07:00
1354,,,LOG,0.0,,,2025-10-09 15:24:55.355000+07:00
4017,postgres,postgres,LOG,0.0,,,2025-10-09 15:45:43.623000+07:00
4017,postgres,postgres,LOG,0.0,,,2025-10-09 15:53:42.816000+07:00
4352,postgres,company_lab,LOG,0.0,,,2025-10-09 15:53:54.717000+07:00
4352,postgres,company_lab,LOG,0.0,,,2025-10-09 15:53:54.724000+07:00
4352,postgres,company_lab,LOG,0.0,,,2025-10-09 15:53:59.415000+07:00
4352,postgres,company_lab,LOG,0.0,,,2025-10-09 15:53:59.418000+07:00
4352,postgres,company_lab,AUDIT_SELECT,0.0,SELECT,SELECT 1 FROM ONLY,2025-10-09 15:53:59.419000+07:00
4352,postgres,company_lab,AUDIT_SELECT,0.0,SELECT,SELECT 1 FROM ONLY,2025-10-09 15:53:59.419000+07:00
4352,postgres,company_lab,AUDIT_SELECT,0.0,SELECT,SELECT 1 FROM ONLY,2025-10-09 15:53:59.419000+07:00
4352,postgres,company_lab,LOG,0.0,,,2025-10-09 15:54:04.535000+07:00
4352,postgres,company_lab,LOG,0.0,,,2025-10-09 15:54:04.536000+07:00
4352,postgres,company_lab,LOG,0.0,,,2025-10-09 15:54:04.538000+07:00
4352,postgres,company_lab,LOG,0.0,,,2025-10-09 15:54:09.268000+07:00
4352,postgres,company_lab,LOG,0.0,,,2025-10-09 15:54:09.269000+07:00
4352,postgres,company_lab,AUDIT_GRANT,0.0,GRANT,"GRANT SELECT, INSERT, UPDATE, DELETE ON ALL TABLES IN SCHEMA public TO editor_user",2025-10-09 15:54:09.270000+07:00
4352,postgres,company_lab,LOG,0.0,,,2025-10-09 15:54:15.193000+07:00
4352,postgres,company_lab,LOG,0.0,,,2025-10-09 15:54:15.194000+07:00
4352,postgres,company_lab,ERROR,0.0,,,2025-10-09 15:54:45.545000+07:00
4352,postgres,company_lab,STATEMENT,0.0,,,2025-10-09 15:54:45.545000+07:00
1354,,,LOG,0.0,,,2025-10-09 15:54:55.897000+07:00
4352,postgres,company_lab,LOG,0.0,,,2025-10-09 15:55:08.090000+07:00
4352,postgres,company_lab,AUDIT_SELECT,0.0,SELECT,SELECT 1 FROM ONLY,2025-10-09 15:55:08.091000+07:00
4352,postgres,company_lab,LOG,0.0,,,2025-10-09 15:55:13.148000+07:00
4352,postgres,company_lab,LOG,0.0,,,2025-10-09 15:55:17.600000+07:00
4352,postgres,company_lab,ERROR,0.0,,,2025-10-09 15:55:31.395000+07:00
4352,postgres,company_lab,STATEMENT,0.0,,,2025-10-09 15:55:31.395000+07:00
4352,postgres,company_lab,AUDIT_GRANT,0.0,GRANT,"GRANT SELECT, INSERT, UPDATE, DELETE ON ALL TABLES IN SCHEMA public TO dinhkhoi543",2025-10-09 15:55:36.900000+07:00
4352,postgres,company_lab,AUDIT_SELECT,0.0,SELECT,SELECT n.nspname as,2025-10-09 15:55:44.801000+07:00
1354,,,LOG,0.0,,,2025-10-09 15:56:34.300000+07:00
1085,,,LOG,0.0,,,2025-10-09 21:25:15.972000+07:00
1085,,,LOG,0.0,,,2025-10-09 21:25:15.979000+07:00
1085,,,LOG,0.0,,,2025-10-09 21:25:15.979000+07:00
1085,,,LOG,0.0,,,2025-10-09 21:25:15.982000+07:00
1251,,,LOG,0.0,,,2025-10-09 21:25:16.110000+07:00
1251,,,LOG,0.0,,,2025-10-09 21:25:16.293000+07:00
1251,,,LOG,0.0,,,2025-10-09 21:25:16.300000+07:00
1251,,,LOG,0.0,,,2025-10-09 21:25:16.303000+07:00
1251,,,LOG,0.0,,,2025-10-09 21:25:16.303000+07:00
1242,,,LOG,0.0,,,2025-10-09 21:25:16.313000+07:00
1242,,,LOG,0.0,,,2025-10-09 21:25:16.330000+07:00
1085,,,LOG,0.0,,,2025-10-09 21:25:16.361000+07:00
3857,postgres,postgres,LOG,0.0,,,2025-10-09 22:09:47.609000+07:00
3858,postgres,auditdb,FATAL,0.0,,,2025-10-09 22:09:58.115000+07:00
3857,postgres,postgres,LOG,0.0,,,2025-10-09 22:10:25.427000+07:00
3857,postgres,postgres,LOG,0.0,,,2025-10-09 22:10:48.142000+07:00
3857,postgres,postgres,ERROR,0.0,,,2025-10-09 22:10:55.238000+07:00
3857,postgres,postgres,STATEMENT,0.0,,,2025-10-09 22:10:55.238000+07:00
3857,postgres,postgres,ERROR,0.0,,,2025-10-09 22:11:07.579000+07:00
3857,postgres,postgres,STATEMENT,0.0,,,2025-10-09 22:11:07.579000+07:00
4242,postgres,postgres,LOG,0.0,,,2025-10-09 22:23:09.875000+07:00
4242,postgres,postgres,LOG,0.0,,,2025-10-09 22:27:59.867000+07:00
4242,postgres,postgres,LOG,0.0,,,2025-10-09 22:28:36.560000+07:00
4242,postgres,postgres,ERROR,0.0,,,2025-10-09 22:28:45.842000+07:00
4242,postgres,postgres,DETAIL,0.0,,,2025-10-09 22:28:45.842000+07:00
4242,postgres,postgres,STATEMENT,0.0,,,2025-10-09 22:28:45.842000+07:00
4242,postgres,postgres,LOG,0.0,,,2025-10-09 22:29:01.738000+07:00
4242,postgres,postgres,ERROR,0.0,,,2025-10-09 22:29:06.761000+07:00
4242,postgres,postgres,DETAIL,0.0,,,2025-10-09 22:29:06.761000+07:00
4242,postgres,postgres,STATEMENT,0.0,,,2025-10-09 22:29:06.761000+07:00
4242,postgres,postgres,LOG,0.0,,,2025-10-09 22:29:14.877000+07:00
4242,postgres,postgres,ERROR,0.0,,,2025-10-09 22:29:18.746000+07:00
4242,postgres,postgres,DETAIL,0.0,,,2025-10-09 22:29:18.746000+07:00
4242,postgres,postgres,STATEMENT,0.0,,,2025-10-09 22:29:18.746000+07:00
4290,postgres,company_lab,LOG,0.0,,,2025-10-09 22:30:08.253000+07:00
4290,postgres,company_lab,LOG,0.0,,,2025-10-09 22:30:08.261000+07:00
4290,postgres,company_lab,LOG,0.0,,,2025-10-09 22:30:15.723000+07:00
4290,postgres,company_lab,LOG,0.0,,,2025-10-09 22:30:15.732000+07:00
1242,,,LOG,0.0,,,2025-10-09 22:30:17.706000+07:00
1242,,,LOG,0.0,,,2025-10-09 22:30:18.924000+07:00
4296,postgres,postgres,ERROR,0.0,,,2025-10-09 22:30:28.042000+07:00
4296,postgres,postgres,DETAIL,0.0,,,2025-10-09 22:30:28.042000+07:00
4296,postgres,postgres,STATEMENT,0.0,,,2025-10-09 22:30:28.042000+07:00
4296,postgres,postgres,LOG,0.0,,,2025-10-09 22:30:28.043000+07:00
4299,postgres,company_lab,LOG,0.0,,,2025-10-09 22:31:07.260000+07:00
4299,postgres,company_lab,LOG,0.0,,,2025-10-09 22:31:07.261000+07:00
4302,postgres,postgres,ERROR,0.0,,,2025-10-09 22:31:29.988000+07:00
4302,postgres,postgres,DETAIL,0.0,,,2025-10-09 22:31:29.988000+07:00
4302,postgres,postgres,STATEMENT,0.0,,,2025-10-09 22:31:29.988000+07:00
4302,postgres,postgres,LOG,0.0,,,2025-10-09 22:31:38.722000+07:00
4302,postgres,postgres,ERROR,0.0,,,2025-10-09 22:31:52.506000+07:00
4302,postgres,postgres,DETAIL,0.0,,,2025-10-09 22:31:52.506000+07:00
4302,postgres,postgres,STATEMENT,0.0,,,2025-10-09 22:31:52.506000+07:00
4302,postgres,postgres,LOG,0.0,,,2025-10-09 22:32:15.634000+07:00
4302,postgres,postgres,LOG,0.0,,,2025-10-09 22:32:15.639000+07:00
4302,postgres,postgres,LOG,0.0,,,2025-10-09 22:32:15.640000+07:00
4302,postgres,postgres,LOG,0.0,,,2025-10-09 22:32:22.100000+07:00
4302,postgres,postgres,LOG,0.0,,,2025-10-09 22:33:00.642000+07:00
4302,postgres,postgres,ERROR,0.0,,,2025-10-09 22:33:14.170000+07:00
4302,postgres,postgres,DETAIL,0.0,,,2025-10-09 22:33:14.170000+07:00
4302,postgres,postgres,STATEMENT,0.0,,,2025-10-09 22:33:14.170000+07:00
4302,postgres,postgres,LOG,0.0,,,2025-10-09 22:33:34.038000+07:00
4302,postgres,postgres,LOG,0.0,,,2025-10-09 22:33:39.708000+07:00
4302,postgres,postgres,LOG,0.0,,,2025-10-09 22:33:48.192000+07:00
4302,postgres,postgres,LOG,0.0,,,2025-10-09 22:33:54.757000+07:00
4302,postgres,postgres,LOG,0.0,,,2025-10-09 22:33:54.758000+07:00
4302,postgres,postgres,LOG,0.0,,,2025-10-09 22:33:54.759000+07:00
4302,postgres,postgres,LOG,0.0,,,2025-10-09 22:34:00.919000+07:00
1242,,,LOG,0.0,,,2025-10-09 22:35:17.993000+07:00
1242,,,LOG,0.0,,,2025-10-09 22:35:19.613000+07:00
4903,postgres,postgres,LOG,0.0,,,2025-10-09 22:58:15.586000+07:00
4903,postgres,postgres,LOG,0.0,,,2025-10-09 22:58:31.125000+07:00
1242,,,LOG,0.0,,,2025-10-09 23:00:18.066000+07:00
1242,,,LOG,0.0,,,2025-10-09 23:00:18.173000+07:00
9920,postgres,postgres,LOG,0.0,,,2025-10-10 08:06:18.876000+07:00
9920,postgres,postgres,LOG,0.0,,,2025-10-10 08:06:24.989000+07:00
9920,postgres,postgres,LOG,0.0,,,2025-10-10 08:06:31.572000+07:00
10336,postgres,postgres,LOG,0.0,,,2025-10-10 08:11:33.250000+07:00
11012,postgres,postgres,LOG,0.0,,,2025-10-10 08:22:27.251000+07:00
11150,postgres,postgres,LOG,0.0,,,2025-10-10 08:23:20.618000+07:00
11150,postgres,postgres,LOG,0.0,,,2025-10-10 08:23:20.619000+07:00
11150,postgres,postgres,LOG,0.0,,,2025-10-10 08:23:20.620000+07:00
11150,postgres,postgres,LOG,0.0,,,2025-10-10 08:23:20.622000+07:00
11150,postgres,postgres,LOG,0.0,,,2025-10-10 08:23:20.674000+07:00
11150,postgres,postgres,LOG,0.0,,,2025-10-10 08:23:20.679000+07:00
11150,postgres,postgres,LOG,0.0,,,2025-10-10 08:23:20.690000+07:00
11150,postgres,postgres,LOG,0.0,,,2025-10-10 08:23:20.705000+07:00
1242,,,LOG,0.0,,,2025-10-10 08:25:27.237000+07:00
1242,,,LOG,0.0,,,2025-10-10 08:25:28.973000+07:00
11537,postgres,postgres,LOG,0.0,,,2025-10-10 08:27:19.779000+07:00
11537,postgres,postgres,LOG,0.0,,,2025-10-10 08:27:19.795000+07:00
11537,postgres,postgres,LOG,0.0,,,2025-10-10 08:27:19.798000+07:00
1242,,,LOG,0.0,,,2025-10-10 08:30:28.072000+07:00
1242,,,LOG,0.0,,,2025-10-10 08:30:29.996000+07:00
12118,postgres,postgres,LOG,0.0,,,2025-10-10 08:32:04.156000+07:00
12118,postgres,postgres,LOG,0.0,,,2025-10-10 08:32:04.157000+07:00
12118,postgres,postgres,AUDIT_SELECT,0.0,SELECT,"SELECT current_user, current_database()",2025-10-10 08:32:04.158000+07:00
12118,postgres,postgres,AUDIT_CREATE TABLE,0.0,CREATE TABLE,"CREATE TABLE IF NOT EXISTS setup_test (id serial, created_at timestamp default now())",2025-10-10 08:32:04.201000+07:00
12118,postgres,postgres,LOG,0.0,,,2025-10-10 08:32:04.203000+07:00
12118,postgres,postgres,LOG,0.0,,,2025-10-10 08:32:04.205000+07:00
12118,postgres,postgres,LOG,0.0,,,2025-10-10 08:32:04.206000+07:00
1242,,,LOG,0.0,,,2025-10-10 08:35:29.094000+07:00
1242,,,LOG,0.0,,,2025-10-10 08:35:32.129000+07:00
12648,postgres,postgres,LOG,0.0,,,2025-10-10 08:35:44.383000+07:00
12648,postgres,postgres,LOG,0.0,,,2025-10-10 08:35:44.384000+07:00
12648,postgres,postgres,AUDIT_CREATE TABLE,0.0,CREATE TABLE,"CREATE TABLE fresh_audit_test (id serial, data text)",2025-10-10 08:35:44.401000+07:00
12648,postgres,postgres,AUDIT_INSERT,0.0,INSERT,"INSERT INTO fresh_audit_test VALUES (1, 'test')",2025-10-10 08:35:44.403000+07:00
12648,postgres,postgres,LOG,0.0,,,2025-10-10 08:35:44.405000+07:00
12648,postgres,postgres,LOG,0.0,,,2025-10-10 08:35:44.407000+07:00
1242,,,LOG,0.0,,,2025-10-10 08:40:29.196000+07:00
1242,,,LOG,0.0,,,2025-10-10 08:40:32.934000+07:00
13062,postgres,postgres,AUDIT_SELECT,0.0,SELECT,"SELECT 'BRAND NEW LOG AT ' || to_char(now(), 'YYYY-MM-DD HH24:MI:SS') as message",2025-10-10 08:41:05.147000+07:00
13062,postgres,postgres,AUDIT_CREATE TABLE,0.0,CREATE TABLE,"CREATE TABLE completely_new_test (id int, created_ts timestamp default now())",2025-10-10 08:41:05.157000+07:00
13062,postgres,postgres,LOG,0.0,,,2025-10-10 08:41:05.159000+07:00
13062,postgres,postgres,LOG,0.0,,,2025-10-10 08:41:05.160000+07:00
13062,postgres,postgres,LOG,0.0,,,2025-10-10 08:41:05.162000+07:00
1242,,,LOG,0.0,,,2025-10-10 08:45:30.024000+07:00
1242,,,LOG,0.0,,,2025-10-10 08:45:31.949000+07:00
1442,,,LOG,0.0,,,2025-10-14 16:46:33.807000+07:00
1442,,,LOG,0.0,,,2025-10-14 16:46:33.895000+07:00
1442,,,LOG,0.0,,,2025-10-14 16:46:33.901000+07:00
1442,,,LOG,0.0,,,2025-10-14 16:46:33.916000+07:00
1503,,,LOG,0.0,,,2025-10-14 16:46:34.905000+07:00
1503,,,LOG,0.0,,,2025-10-14 16:46:38.898000+07:00
1503,,,LOG,0.0,,,2025-10-14 16:46:38.947000+07:00
1503,,,LOG,0.0,,,2025-10-14 16:46:38.947000+07:00
1503,,,LOG,0.0,,,2025-10-14 16:46:38.947000+07:00
1498,,,LOG,0.0,,,2025-10-14 16:46:39.081000+07:00
1498,,,LOG,0.0,,,2025-10-14 16:46:39.170000+07:00
1442,,,LOG,0.0,,,2025-10-14 16:46:39.392000+07:00
1498,,,LOG,0.0,,,2025-10-14 16:51:43.828000+07:00
1498,,,LOG,0.0,,,2025-10-14 16:51:43.966000+07:00
7505,postgres,postgres,LOG,0.0,,,2025-10-14 17:00:37.264000+07:00
7505,postgres,postgres,LOG,0.0,,,2025-10-14 17:00:49.601000+07:00
7505,postgres,postgres,AUDIT_SELECT,0.0,SELECT,SELECT n.nspname as,2025-10-14 17:01:02.297000+07:00
7505,postgres,postgres,ERROR,0.0,,,2025-10-14 17:08:47.383000+07:00
7505,postgres,postgres,STATEMENT,0.0,,,2025-10-14 17:08:47.383000+07:00
7505,postgres,postgres,LOG,0.0,,,2025-10-14 17:08:47.406000+07:00
7505,postgres,postgres,AUDIT_GRANT,0.0,GRANT,"GRANT SELECT, INSERT, UPDATE, DELETE ON ALL TABLES IN SCHEMA public TO dinhkhoi543",2025-10-14 17:08:47.417000+07:00
7505,postgres,postgres,LOG,0.0,,,2025-10-14 17:09:06.972000+07:00
7505,postgres,postgres,LOG,0.0,,,2025-10-14 17:09:22.235000+07:00
7505,postgres,postgres,LOG,0.0,,,2025-10-14 17:09:22.243000+07:00
7505,postgres,postgres,AUDIT_GRANT,0.0,GRANT,"GRANT SELECT, INSERT, UPDATE, DELETE ON ALL TABLES IN SCHEMA public TO dinhkhoi543",2025-10-14 17:09:22.249000+07:00
7505,postgres,postgres,LOG,0.0,,,2025-10-14 17:09:24.889000+07:00
7505,postgres,postgres,LOG,0.0,,,2025-10-14 17:09:38.386000+07:00
7505,postgres,postgres,LOG,0.0,,,2025-10-14 17:09:55.440000+07:00
7505,postgres,postgres,LOG,0.0,,,2025-10-14 17:09:59.082000+07:00
7505,postgres,postgres,LOG,0.0,,,2025-10-14 17:10:15.448000+07:00
7505,postgres,postgres,LOG,0.0,,,2025-10-14 17:10:17.719000+07:00
1498,,,LOG,0.0,,,2025-10-14 17:11:44.288000+07:00
1498,,,LOG,0.0,,,2025-10-14 17:11:46.292000+07:00
13035,dinhkhoi543,postgres,LOG,0.0,,,2025-10-15 06:28:09.445000+07:00
13191,ngdinhkhoi,postgres,AUDIT_SELECT,0.0,SELECT,SELECT n.nspname as,2025-10-15 06:37:55.058000+07:00
7505,postgres,postgres,LOG,0.0,,,2025-10-15 06:42:02.485000+07:00
13210,postgres,company_db,LOG,0.0,,,2025-10-15 06:42:16.132000+07:00
13210,postgres,company_db,LOG,0.0,,,2025-10-15 06:42:16.149000+07:00
13210,postgres,company_db,LOG,0.0,,,2025-10-15 06:42:24.203000+07:00
13210,postgres,company_db,LOG,0.0,,,2025-10-15 06:42:24.215000+07:00
13210,postgres,company_db,AUDIT_GRANT,0.0,GRANT,"GRANT SELECT, INSERT, UPDATE, DELETE ON ALL TABLES IN SCHEMA public TO dinhkhoi543",2025-10-15 06:42:24.228000+07:00
13210,postgres,company_db,LOG,0.0,,,2025-10-15 06:42:24.242000+07:00
13210,postgres,company_db,LOG,0.0,,,2025-10-15 06:42:30.312000+07:00
13210,postgres,company_db,LOG,0.0,,,2025-10-15 06:42:30.318000+07:00
13210,postgres,company_db,LOG,0.0,,,2025-10-15 06:42:30.328000+07:00
13210,postgres,company_db,LOG,0.0,,,2025-10-15 06:42:30.334000+07:00
13216,dinhkhoi543,company_db,LOG,0.0,,,2025-10-15 06:42:53.156000+07:00
13216,dinhkhoi543,company_db,AUDIT_INSERT,0.0,INSERT,"INSERT INTO employees (name, position, salary) VALUES ('David', 'Tester', 900)",2025-10-15 06:43:01.467000+07:00
13220,ngdinhkhoi,company_db,LOG,0.0,,,2025-10-15 06:43:25.186000+07:00
13220,ngdinhkhoi,company_db,AUDIT_INSERT,0.0,INSERT,"INSERT INTO employees (name, position, salary) VALUES ('David', 'Tester', 900)",2025-10-15 06:43:32.878000+07:00
1498,,,LOG,0.0,,,2025-10-15 06:46:58.450000+07:00
1498,,,LOG,0.0,,,2025-10-15 06:48:37.381000+07:00
1109,,,LOG,0.0,,,2025-10-20 13:42:04.646000+07:00
1109,,,LOG,0.0,,,2025-10-20 13:42:04.662000+07:00
1109,,,LOG,0.0,,,2025-10-20 13:42:04.662000+07:00
1109,,,LOG,0.0,,,2025-10-20 13:42:04.664000+07:00
1231,,,LOG,0.0,,,2025-10-20 13:42:04.820000+07:00
1231,,,LOG,0.0,,,2025-10-20 13:42:05.116000+07:00
1231,,,LOG,0.0,,,2025-10-20 13:42:05.136000+07:00
1231,,,LOG,0.0,,,2025-10-20 13:42:05.136000+07:00
1231,,,LOG,0.0,,,2025-10-20 13:42:05.136000+07:00
1229,,,LOG,0.0,,,2025-10-20 13:42:05.146000+07:00
1229,,,LOG,0.0,,,2025-10-20 13:42:05.155000+07:00
1109,,,LOG,0.0,,,2025-10-20 13:42:05.181000+07:00
3837,postgres,postgres,LOG,0.0,,,2025-10-20 14:00:53.660000+07:00
3842,postgres,postgres,LOG,0.0,,,2025-10-20 14:01:22.470000+07:00
1284,,,LOG,0.0,,,2025-10-21 14:44:58.322000+07:00
1284,,,LOG,0.0,,,2025-10-21 14:44:58.322000+07:00
1284,,,LOG,0.0,,,2025-10-21 14:44:58.322000+07:00
1284,,,LOG,0.0,,,2025-10-21 14:44:58.336000+07:00
1443,,,LOG,0.0,,,2025-10-21 14:44:58.541000+07:00
1443,,,LOG,0.0,,,2025-10-21 14:44:59.064000+07:00
1443,,,LOG,0.0,,,2025-10-21 14:44:59.098000+07:00
1443,,,LOG,0.0,,,2025-10-21 14:44:59.099000+07:00
1443,,,LOG,0.0,,,2025-10-21 14:44:59.099000+07:00
1434,,,LOG,0.0,,,2025-10-21 14:44:59.125000+07:00
1434,,,LOG,0.0,,,2025-10-21 14:44:59.157000+07:00
1284,,,LOG,0.0,,,2025-10-21 14:44:59.223000+07:00
4280,postgres,postgres,LOG,0.0,,,2025-10-21 15:07:57.462000+07:00
4280,postgres,postgres,FATAL,0.0,,,2025-10-21 15:07:57.465000+07:00
4280,postgres,postgres,DETAIL,0.0,,,2025-10-21 15:07:57.465000+07:00
4285,postgres,postgres,LOG,0.0,,,2025-10-21 15:08:11.740000+07:00
4285,postgres,postgres,FATAL,0.0,,,2025-10-21 15:08:11.740000+07:00
4285,postgres,postgres,DETAIL,0.0,,,2025-10-21 15:08:11.740000+07:00
1284,,,LOG,0.0,,,2025-10-21 15:10:27.978000+07:00
1284,,,LOG,0.0,,,2025-10-21 15:10:27.981000+07:00
1284,,,LOG,0.0,,,2025-10-21 15:10:28.002000+07:00
1434,,,LOG,0.0,,,2025-10-21 15:10:28.003000+07:00
1434,,,LOG,0.0,,,2025-10-21 15:10:28.006000+07:00
1434,,,LOG,0.0,,,2025-10-21 15:10:28.025000+07:00
1284,,,LOG,0.0,,,2025-10-21 15:10:28.073000+07:00
