Timestamp,PID,Level,Message
2025-10-04 20:59:26.037,7002,LOG,"starting PostgreSQL 18.0 (Ubuntu 18.0-1.pgdg22.04+3) on x86_64-pc-linux-gnu, compiled by gcc (Ubuntu 11.4.0-1ubuntu1~22.04.2) 11.4.0, 64-bit"
2025-10-04 20:59:26.038,7002,LOG,"listening on IPv4 address ""0.0.0.0"", port 5432"
2025-10-04 20:59:26.038,7002,LOG,"listening on IPv6 address ""::"", port 5432"
2025-10-04 20:59:26.041,7002,LOG,"listening on Unix socket ""/var/run/postgresql/.s.PGSQL.5432"""
2025-10-04 20:59:26.092,7009,LOG,database system was shut down at 2025-10-04 20:43:19 +07
2025-10-04 20:59:26.121,7002,LOG,database system is ready to accept connections
2025-10-04 20:59:26.710,7013,LOG,connection received: host=[local]
2025-10-04 20:59:27.262,7016,LOG,connection received: host=[local]
2025-10-04 20:59:27.268,7016,LOG,"connection authenticated: identity=""postgres"" method=peer (/etc/postgresql/18/main/pg_hba.conf:118)"
2025-10-04 20:59:27.268,7016,LOG,connection authorized: user=postgres database=template1 application_name=psql
2025-10-04 20:59:27.344,7016,LOG,disconnection: session time: 0:00:00.083 user=postgres database=template1 host=[local]
2025-10-04 20:59:27.876,7019,LOG,connection received: host=[local]
2025-10-04 20:59:27.882,7019,LOG,"connection authenticated: identity=""postgres"" method=peer (/etc/postgresql/18/main/pg_hba.conf:118)"
2025-10-04 20:59:27.882,7019,LOG,connection authorized: user=postgres database=template1 application_name=psql
2025-10-04 20:59:27.892,7019,LOG,disconnection: session time: 0:00:00.016 user=postgres database=template1 host=[local]
2025-10-04 20:59:28.415,7022,LOG,connection received: host=[local]
2025-10-04 20:59:28.416,7022,LOG,"connection authenticated: identity=""postgres"" method=peer (/etc/postgresql/18/main/pg_hba.conf:118)"
2025-10-04 20:59:28.416,7022,LOG,connection authorized: user=postgres database=template1 application_name=psql
2025-10-04 20:59:28.424,7022,LOG,disconnection: session time: 0:00:00.008 user=postgres database=template1 host=[local]
2025-10-04 20:59:40.209,7025,LOG,connection received: host=[local]
2025-10-04 20:59:40.209,7025,LOG,"connection authenticated: identity=""root"" method=peer (/etc/postgresql/18/main/pg_hba.conf:123)"
2025-10-04 20:59:40.209,7025,LOG,provided user name (posgres) and authenticated user name (root) do not match
2025-10-04 20:59:40.211,7025,FATAL,"Peer authentication failed for user ""posgres"""
2025-10-04 20:59:40.211,7025,DETAIL,"Connection matched file ""/etc/postgresql/18/main/pg_hba.conf"" line 123: ""local   all             all                                     peer"""
2025-10-04 20:59:49.319,7031,LOG,connection received: host=[local]
2025-10-04 20:59:49.320,7031,LOG,"connection authenticated: identity=""root"" method=peer (/etc/postgresql/18/main/pg_hba.conf:118)"
2025-10-04 20:59:49.320,7031,LOG,provided user name (postgres) and authenticated user name (root) do not match
2025-10-04 20:59:49.320,7031,FATAL,"Peer authentication failed for user ""postgres"""
2025-10-04 20:59:49.320,7031,DETAIL,"Connection matched file ""/etc/postgresql/18/main/pg_hba.conf"" line 118: ""local   all             postgres                                peer"""
2025-10-04 21:00:08.376,7048,LOG,connection received: host=[local]
2025-10-04 21:00:08.377,7048,LOG,"connection authenticated: identity=""root"" method=peer (/etc/postgresql/18/main/pg_hba.conf:118)"
2025-10-04 21:00:08.377,7048,LOG,provided user name (postgres) and authenticated user name (root) do not match
2025-10-04 21:00:08.377,7048,FATAL,"Peer authentication failed for user ""postgres"""
2025-10-04 21:00:08.377,7048,DETAIL,"Connection matched file ""/etc/postgresql/18/main/pg_hba.conf"" line 118: ""local   all             postgres                                peer"""
2025-10-04 21:01:04.963,7068,LOG,connection received: host=[local]
2025-10-04 21:01:04.967,7068,LOG,"connection authenticated: identity=""hodaoty"" method=peer (/etc/postgresql/18/main/pg_hba.conf:118)"
2025-10-04 21:01:04.967,7068,LOG,provided user name (postgres) and authenticated user name (hodaoty) do not match
2025-10-04 21:01:04.967,7068,FATAL,"Peer authentication failed for user ""postgres"""
2025-10-04 21:01:04.967,7068,DETAIL,"Connection matched file ""/etc/postgresql/18/main/pg_hba.conf"" line 118: ""local   all             postgres                                peer"""
2025-10-04 21:02:18.845,7002,LOG,received fast shutdown request
2025-10-04 21:02:18.850,7002,LOG,aborting any active transactions
2025-10-04 21:02:18.878,7002,LOG,"background worker ""logical replication launcher"" (PID 7012) exited with exit code 1"
2025-10-04 21:02:18.878,7007,LOG,shutting down
2025-10-04 21:02:18.883,7007,LOG,checkpoint starting: shutdown immediate
2025-10-04 21:02:18.903,7007,LOG,"checkpoint complete: wrote 0 buffers (0.0%), wrote 3 SLRU buffers; 0 WAL file(s) added, 0 removed, 0 recycled; write=0.005 s, sync=0.003 s, total=0.024 s; sync files=2, longest=0.002 s, average=0.002 s; distance=0 kB, estimate=0 kB; lsn=0/1C45CC8, redo lsn=0/1C45CC8"
2025-10-04 21:02:18.933,7002,LOG,database system is shut down
2025-10-04 21:02:19.151,7104,LOG,"starting PostgreSQL 18.0 (Ubuntu 18.0-1.pgdg22.04+3) on x86_64-pc-linux-gnu, compiled by gcc (Ubuntu 11.4.0-1ubuntu1~22.04.2) 11.4.0, 64-bit"
2025-10-04 21:02:19.151,7104,LOG,"listening on IPv4 address ""0.0.0.0"", port 5432"
2025-10-04 21:02:19.151,7104,LOG,"listening on IPv6 address ""::"", port 5432"
2025-10-04 21:02:19.165,7104,LOG,"listening on Unix socket ""/var/run/postgresql/.s.PGSQL.5432"""
2025-10-04 21:02:19.202,7111,LOG,database system was shut down at 2025-10-04 21:02:18 +07
2025-10-04 21:02:19.223,7104,LOG,database system is ready to accept connections
2025-10-04 21:02:19.825,7115,LOG,connection received: host=[local]
2025-10-04 21:02:20.362,7118,LOG,connection received: host=[local]
2025-10-04 21:02:20.364,7118,LOG,"connection authenticated: identity=""postgres"" method=peer (/etc/postgresql/18/main/pg_hba.conf:118)"
2025-10-04 21:02:20.364,7118,LOG,connection authorized: user=postgres database=template1 application_name=psql
2025-10-04 21:02:20.382,7118,LOG,disconnection: session time: 0:00:00.020 user=postgres database=template1 host=[local]
2025-10-04 21:02:20.914,7121,LOG,connection received: host=[local]
2025-10-04 21:02:20.916,7121,LOG,"connection authenticated: identity=""postgres"" method=peer (/etc/postgresql/18/main/pg_hba.conf:118)"
2025-10-04 21:02:20.916,7121,LOG,connection authorized: user=postgres database=template1 application_name=psql
2025-10-04 21:02:20.918,7121,LOG,disconnection: session time: 0:00:00.003 user=postgres database=template1 host=[local]
2025-10-04 21:02:21.440,7124,LOG,connection received: host=[local]
2025-10-04 21:02:21.441,7124,LOG,"connection authenticated: identity=""postgres"" method=peer (/etc/postgresql/18/main/pg_hba.conf:118)"
2025-10-04 21:02:21.441,7124,LOG,connection authorized: user=postgres database=template1 application_name=psql
2025-10-04 21:02:21.444,7124,LOG,disconnection: session time: 0:00:00.004 user=postgres database=template1 host=[local]
2025-10-04 21:02:25.728,7129,LOG,connection received: host=[local]
2025-10-04 21:02:25.728,7129,LOG,"connection authenticated: identity=""root"" method=peer (/etc/postgresql/18/main/pg_hba.conf:118)"
2025-10-04 21:02:25.728,7129,LOG,provided user name (postgres) and authenticated user name (root) do not match
2025-10-04 21:02:25.728,7129,FATAL,"Peer authentication failed for user ""postgres"""
2025-10-04 21:02:25.728,7129,DETAIL,"Connection matched file ""/etc/postgresql/18/main/pg_hba.conf"" line 118: ""local   all             postgres                                peer"""
2025-10-04 21:02:31.106,7131,LOG,connection received: host=[local]
2025-10-04 21:02:31.111,7131,LOG,"connection authenticated: identity=""root"" method=peer (/etc/postgresql/18/main/pg_hba.conf:118)"
2025-10-04 21:02:31.111,7131,LOG,provided user name (postgres) and authenticated user name (root) do not match
2025-10-04 21:02:31.111,7131,FATAL,"Peer authentication failed for user ""postgres"""
2025-10-04 21:02:31.111,7131,DETAIL,"Connection matched file ""/etc/postgresql/18/main/pg_hba.conf"" line 118: ""local   all             postgres                                peer"""
2025-10-04 21:02:52.679,7211,LOG,connection received: host=127.0.0.1 port=49608
2025-10-04 21:02:52.731,7211,FATAL,"password authentication failed for user ""postgres"""
2025-10-04 21:02:52.731,7211,DETAIL,"Connection matched file ""/etc/postgresql/18/main/pg_hba.conf"" line 125: ""host    all             all             127.0.0.1/32            scram-sha-256"""
2025-10-04 21:02:52.734,7212,LOG,connection received: host=127.0.0.1 port=49618
2025-10-04 21:02:52.760,7212,FATAL,"password authentication failed for user ""postgres"""
2025-10-04 21:02:52.760,7212,DETAIL,"Connection matched file ""/etc/postgresql/18/main/pg_hba.conf"" line 125: ""host    all             all             127.0.0.1/32            scram-sha-256"""
2025-10-04 21:03:01.384,7216,LOG,connection received: host=127.0.0.1 port=36868
2025-10-04 21:03:01.410,7216,FATAL,"password authentication failed for user ""postgres"""
2025-10-04 21:03:01.410,7216,DETAIL,"Connection matched file ""/etc/postgresql/18/main/pg_hba.conf"" line 125: ""host    all             all             127.0.0.1/32            scram-sha-256"""
2025-10-04 21:03:01.418,7217,LOG,connection received: host=127.0.0.1 port=36884
2025-10-04 21:03:01.423,7217,FATAL,"password authentication failed for user ""postgres"""
2025-10-04 21:03:01.423,7217,DETAIL,"Connection matched file ""/etc/postgresql/18/main/pg_hba.conf"" line 125: ""host    all             all             127.0.0.1/32            scram-sha-256"""
2025-10-04 21:03:08.850,7221,LOG,connection received: host=127.0.0.1 port=53376
2025-10-04 21:03:08.885,7221,FATAL,"password authentication failed for user ""postgres"""
2025-10-04 21:03:08.885,7221,DETAIL,"Connection matched file ""/etc/postgresql/18/main/pg_hba.conf"" line 125: ""host    all             all             127.0.0.1/32            scram-sha-256"""
2025-10-04 21:03:08.895,7222,LOG,connection received: host=127.0.0.1 port=53382
2025-10-04 21:03:08.900,7222,FATAL,"password authentication failed for user ""postgres"""
2025-10-04 21:03:08.900,7222,DETAIL,"Connection matched file ""/etc/postgresql/18/main/pg_hba.conf"" line 125: ""host    all             all             127.0.0.1/32            scram-sha-256"""
2025-10-04 21:03:20.539,7257,LOG,connection received: host=127.0.0.1 port=60162
2025-10-04 21:03:20.551,7257,LOG,"connection authenticated: identity=""postgres"" method=scram-sha-256 (/etc/postgresql/18/main/pg_hba.conf:125)"
2025-10-04 21:03:20.551,7257,LOG,"connection authorized: user=postgres database=postgres application_name=pgAdmin 4 - DB:postgres SSL enabled (protocol=TLSv1.3, cipher=TLS_AES_256_GCM_SHA384, bits=256)"
2025-10-04 21:03:25.064,7270,LOG,connection received: host=127.0.0.1 port=36586
2025-10-04 21:03:25.069,7271,LOG,connection received: host=127.0.0.1 port=36600
2025-10-04 21:03:25.087,7271,LOG,"connection authenticated: identity=""postgres"" method=scram-sha-256 (/etc/postgresql/18/main/pg_hba.conf:125)"
2025-10-04 21:03:25.087,7271,LOG,"connection authorized: user=postgres database=testdb application_name=pgAdmin 4 - DB:testdb SSL enabled (protocol=TLSv1.3, cipher=TLS_AES_256_GCM_SHA384, bits=256)"
2025-10-04 21:03:25.114,7270,LOG,"connection authenticated: identity=""postgres"" method=scram-sha-256 (/etc/postgresql/18/main/pg_hba.conf:125)"
2025-10-04 21:03:25.114,7270,LOG,"connection authorized: user=postgres database=testdb application_name=pgAdmin 4 - DB:testdb SSL enabled (protocol=TLSv1.3, cipher=TLS_AES_256_GCM_SHA384, bits=256)"
2025-10-04 21:03:25.235,7271,LOG,disconnection: session time: 0:00:00.166 user=postgres database=testdb host=127.0.0.1 port=36600
2025-10-04 21:03:41.766,7320,LOG,connection received: host=[local]
2025-10-04 21:03:41.767,7320,LOG,"connection authenticated: identity=""root"" method=peer (/etc/postgresql/18/main/pg_hba.conf:123)"
2025-10-04 21:03:41.767,7320,LOG,provided user name (posgres) and authenticated user name (root) do not match
2025-10-04 21:03:41.767,7320,FATAL,"Peer authentication failed for user ""posgres"""
2025-10-04 21:03:41.767,7320,DETAIL,"Connection matched file ""/etc/postgresql/18/main/pg_hba.conf"" line 123: ""local   all             all                                     peer"""
2025-10-04 21:03:49.373,7323,LOG,connection received: host=[local]
2025-10-04 21:03:49.374,7323,LOG,"connection authenticated: identity=""root"" method=peer (/etc/postgresql/18/main/pg_hba.conf:118)"
2025-10-04 21:03:49.374,7323,LOG,provided user name (postgres) and authenticated user name (root) do not match
2025-10-04 21:03:49.374,7323,FATAL,"Peer authentication failed for user ""postgres"""
2025-10-04 21:03:49.374,7323,DETAIL,"Connection matched file ""/etc/postgresql/18/main/pg_hba.conf"" line 118: ""local   all             postgres                                peer"""
2025-10-04 21:05:30.005,7356,LOG,connection received: host=[local]
2025-10-04 21:05:30.007,7356,LOG,"connection authenticated: identity=""root"" method=peer (/etc/postgresql/18/main/pg_hba.conf:118)"
2025-10-04 21:05:30.007,7356,LOG,provided user name (postgres) and authenticated user name (root) do not match
2025-10-04 21:05:30.007,7356,FATAL,"Peer authentication failed for user ""postgres"""
2025-10-04 21:05:30.007,7356,DETAIL,"Connection matched file ""/etc/postgresql/18/main/pg_hba.conf"" line 118: ""local   all             postgres                                peer"""
2025-10-04 21:05:58.795,7391,LOG,connection received: host=[local]
2025-10-04 21:05:58.796,7391,LOG,"connection authenticated: identity=""root"" method=peer (/etc/postgresql/18/main/pg_hba.conf:123)"
2025-10-04 21:05:58.798,7391,LOG,connection authorized: user=root database=root application_name=psql
2025-10-04 21:05:58.798,7391,FATAL,"role ""root"" does not exist"
2025-10-04 21:06:10.469,7474,LOG,connection received: host=[local]
2025-10-04 21:06:10.472,7474,LOG,"connection authenticated: identity=""hodaoty"" method=peer (/etc/postgresql/18/main/pg_hba.conf:123)"
2025-10-04 21:06:10.472,7474,LOG,connection authorized: user=hodaoty database=hodaoty application_name=psql
2025-10-04 21:06:10.472,7474,FATAL,"role ""hodaoty"" does not exist"
2025-10-04 21:06:32.275,7482,LOG,connection received: host=[local]
2025-10-04 21:06:32.276,7482,LOG,"connection authenticated: identity=""hodaoty"" method=peer (/etc/postgresql/18/main/pg_hba.conf:118)"
2025-10-04 21:06:32.276,7482,LOG,provided user name (postgres) and authenticated user name (hodaoty) do not match
2025-10-04 21:06:32.276,7482,FATAL,"Peer authentication failed for user ""postgres"""
2025-10-04 21:06:32.276,7482,DETAIL,"Connection matched file ""/etc/postgresql/18/main/pg_hba.conf"" line 118: ""local   all             postgres                                peer"""
2025-10-04 21:07:12.678,7505,LOG,connection received: host=[local]
2025-10-04 21:07:12.680,7505,LOG,"connection authenticated: identity=""postgres"" method=peer (/etc/postgresql/18/main/pg_hba.conf:118)"
2025-10-04 21:07:12.680,7505,LOG,connection authorized: user=postgres database=hodaoty application_name=psql
2025-10-04 21:07:12.680,7505,FATAL,"database ""hodaoty"" does not exist"
2025-10-04 21:07:19.301,7109,LOG,checkpoint starting: time
2025-10-04 21:07:19.390,7109,LOG,"checkpoint complete: wrote 0 buffers (0.0%), wrote 3 SLRU buffers; 0 WAL file(s) added, 0 removed, 0 recycled; write=0.034 s, sync=0.018 s, total=0.089 s; sync files=2, longest=0.013 s, average=0.009 s; distance=0 kB, estimate=0 kB; lsn=0/1C45DD0, redo lsn=0/1C45D78"
2025-10-04 21:07:22.548,7510,LOG,connection received: host=[local]
2025-10-04 21:07:22.548,7510,LOG,"connection authenticated: identity=""postgres"" method=peer (/etc/postgresql/18/main/pg_hba.conf:118)"
2025-10-04 21:07:22.548,7510,LOG,connection authorized: user=postgres database=postgres application_name=psql
2025-10-04 21:07:34.031,7510,ERROR,"unrecognized configuration parameter ""database"""
2025-10-04 21:07:56.263,7510,LOG,disconnection: session time: 0:00:33.715 user=postgres database=postgres host=[local]
2025-10-04 21:08:05.883,7551,LOG,connection received: host=[local]
2025-10-04 21:08:05.884,7551,LOG,"connection authenticated: identity=""postgres"" method=peer (/etc/postgresql/18/main/pg_hba.conf:123)"
2025-10-04 21:08:05.884,7551,LOG,provided user name (root) and authenticated user name (postgres) do not match
2025-10-04 21:08:05.884,7551,FATAL,"Peer authentication failed for user ""root"""
2025-10-04 21:08:05.884,7551,DETAIL,"Connection matched file ""/etc/postgresql/18/main/pg_hba.conf"" line 123: ""local   all             all                                     peer"""
2025-10-04 21:08:18.793,7557,LOG,connection received: host=[local]
2025-10-04 21:08:18.793,7557,LOG,"connection authenticated: identity=""postgres"" method=peer (/etc/postgresql/18/main/pg_hba.conf:118)"
2025-10-04 21:08:18.793,7557,LOG,connection authorized: user=postgres database=postgres application_name=psql
2025-10-04 21:08:25.718,7557,ERROR,"syntax error at or near ""ls"" at character 1"
2025-10-04 21:08:31.191,7557,ERROR,"unrecognized configuration parameter ""database"""
2025-10-04 21:09:28.422,7557,LOG,disconnection: session time: 0:01:09.629 user=postgres database=postgres host=[local]
2025-10-04 21:09:57.695,7607,LOG,connection received: host=[local]
2025-10-04 21:09:57.695,7607,LOG,"connection authenticated: identity=""postgres"" method=peer (/etc/postgresql/18/main/pg_hba.conf:118)"
2025-10-04 21:09:57.695,7607,LOG,connection authorized: user=postgres database=postgres application_name=psql
2025-10-04 21:10:18.208,7607,ERROR,"syntax error at or near ""use"" at character 1"
2025-10-04 21:10:38.904,7607,LOG,disconnection: session time: 0:00:41.209 user=postgres database=postgres host=[local]
2025-10-04 21:10:44.191,7631,LOG,connection received: host=[local]
2025-10-04 21:10:44.192,7631,LOG,"connection authenticated: identity=""postgres"" method=peer (/etc/postgresql/18/main/pg_hba.conf:118)"
2025-10-04 21:10:44.192,7631,LOG,connection authorized: user=postgres database=testdb application_name=psql
2025-10-04 21:12:57.384,7631,LOG,disconnection: session time: 0:02:13.192 user=postgres database=testdb host=[local]
2025-10-04 21:21:33.420,7104,LOG,received fast shutdown request
2025-10-04 21:21:33.428,7104,LOG,aborting any active transactions
2025-10-04 21:21:33.465,7270,FATAL,terminating connection due to administrator command
2025-10-04 21:21:33.467,7270,LOG,disconnection: session time: 0:18:08.403 user=postgres database=testdb host=127.0.0.1 port=36586
2025-10-04 21:21:33.488,7257,FATAL,terminating connection due to administrator command
2025-10-04 21:21:33.491,7257,LOG,disconnection: session time: 0:18:12.952 user=postgres database=postgres host=127.0.0.1 port=60162
2025-10-04 21:21:33.534,7104,LOG,"background worker ""logical replication launcher"" (PID 7114) exited with exit code 1"
2025-10-04 21:21:33.551,7109,LOG,shutting down
2025-10-04 21:21:33.561,7109,LOG,checkpoint starting: shutdown immediate
2025-10-04 21:21:33.599,7109,LOG,"checkpoint complete: wrote 0 buffers (0.0%), wrote 0 SLRU buffers; 0 WAL file(s) added, 0 removed, 0 recycled; write=0.004 s, sync=0.001 s, total=0.049 s; sync files=0, longest=0.000 s, average=0.000 s; distance=0 kB, estimate=0 kB; lsn=0/1C45E80, redo lsn=0/1C45E80"
2025-10-04 21:21:33.647,7104,LOG,database system is shut down
2025-10-04 21:21:34.244,7927,LOG,"starting PostgreSQL 18.0 (Ubuntu 18.0-1.pgdg22.04+3) on x86_64-pc-linux-gnu, compiled by gcc (Ubuntu 11.4.0-1ubuntu1~22.04.2) 11.4.0, 64-bit"
2025-10-04 21:21:34.248,7927,LOG,"listening on IPv4 address ""0.0.0.0"", port 5432"
2025-10-04 21:21:34.248,7927,LOG,"listening on IPv6 address ""::"", port 5432"
2025-10-04 21:21:34.255,7927,LOG,"listening on Unix socket ""/var/run/postgresql/.s.PGSQL.5432"""
2025-10-04 21:21:34.329,7934,LOG,database system was shut down at 2025-10-04 21:21:33 +07
2025-10-04 21:21:34.380,7927,LOG,database system is ready to accept connections
2025-10-04 21:21:34.903,7939,LOG,connection received: host=[local]
2025-10-04 21:21:35.455,7942,LOG,connection received: host=[local]
2025-10-04 21:21:35.462,7942,LOG,"connection authenticated: identity=""postgres"" method=peer (/etc/postgresql/18/main/pg_hba.conf:118)"
2025-10-04 21:21:35.462,7942,LOG,connection authorized: user=postgres database=template1 application_name=psql
2025-10-04 21:21:35.556,7942,LOG,disconnection: session time: 0:00:00.101 user=postgres database=template1 host=[local]
2025-10-04 21:21:36.081,7945,LOG,connection received: host=[local]
2025-10-04 21:21:36.085,7945,LOG,"connection authenticated: identity=""postgres"" method=peer (/etc/postgresql/18/main/pg_hba.conf:118)"
2025-10-04 21:21:36.085,7945,LOG,connection authorized: user=postgres database=template1 application_name=psql
2025-10-04 21:21:36.093,7945,LOG,disconnection: session time: 0:00:00.013 user=postgres database=template1 host=[local]
2025-10-04 21:21:36.618,7948,LOG,connection received: host=[local]
2025-10-04 21:21:36.619,7948,LOG,"connection authenticated: identity=""postgres"" method=peer (/etc/postgresql/18/main/pg_hba.conf:118)"
2025-10-04 21:21:36.619,7948,LOG,connection authorized: user=postgres database=template1 application_name=psql
2025-10-04 21:21:36.623,7948,LOG,disconnection: session time: 0:00:00.004 user=postgres database=template1 host=[local]
2025-10-04 21:21:50.974,7956,LOG,connection received: host=[local]
2025-10-04 21:21:50.975,7956,LOG,"connection authenticated: identity=""postgres"" method=peer (/etc/postgresql/18/main/pg_hba.conf:118)"
2025-10-04 21:21:50.975,7956,LOG,connection authorized: user=postgres database=postgres application_name=psql
2025-10-04 21:22:12.695,7956,LOG,"AUDIT: SESSION,1,1,DDL,CREATE EXTENSION,,,CREATE EXTENSION pgaudit,<none>"
2025-10-04 21:22:31.607,7956,LOG,"AUDIT: SESSION,2,1,DDL,CREATE DATABASE,,,CREATE DATABASE auditdb,<none>"
2025-10-04 21:23:04.427,7956,LOG,"AUDIT: SESSION,3,1,ROLE,CREATE ROLE,,,CREATE USER audituser WITH PASSWORD <REDACTED>,<none>"
2025-10-04 21:23:28.809,7956,LOG,"AUDIT: SESSION,4,1,ROLE,GRANT,,,GRANT ALL PRIVILEGES ON DATABASE auditdb to audituser,<none>"
2025-10-04 21:23:35.935,7979,LOG,connection received: host=[local]
2025-10-04 21:23:35.936,7979,LOG,"connection authenticated: identity=""postgres"" method=peer (/etc/postgresql/18/main/pg_hba.conf:118)"
2025-10-04 21:23:35.936,7979,LOG,connection authorized: user=postgres database=auditdb application_name=psql
2025-10-04 21:23:35.945,7956,LOG,disconnection: session time: 0:01:44.971 user=postgres database=postgres host=[local]
2025-10-04 21:25:02.459,7979,ERROR,"type ""numberic"" does not exist at character 64"
2025-10-04 21:25:11.646,7979,LOG,"AUDIT: SESSION,1,1,DDL,CREATE TABLE,,,""CREATE TABLE employee(id SERIAL PRIMARY KEY, name TEXT, salary NUMERIC)"",<none>"
2025-10-04 21:25:27.098,7979,LOG,"AUDIT: SESSION,2,1,ROLE,GRANT,,,GRANT ALL ON employee TO audituser,<none>"
2025-10-04 21:26:05.701,7979,LOG,"AUDIT: SESSION,3,1,ROLE,GRANT,,,""GRANT USAGE, SELECT, UPDATE ON SEQUENCE employee_id_seq TO audituser"",<none>"
2025-10-04 21:26:13.935,7979,LOG,disconnection: session time: 0:02:38.000 user=postgres database=auditdb host=[local]
2025-10-04 21:26:34.416,7932,LOG,checkpoint starting: time
2025-10-04 21:27:20.168,8047,LOG,connection received: host=127.0.0.1 port=43702
2025-10-04 21:27:20.192,8047,LOG,"connection authenticated: identity=""audituser"" method=scram-sha-256 (/etc/postgresql/18/main/pg_hba.conf:125)"
2025-10-04 21:27:20.192,8047,LOG,"connection authorized: user=audituser database=auditdb application_name=psql SSL enabled (protocol=TLSv1.3, cipher=TLS_AES_256_GCM_SHA384, bits=256)"
2025-10-04 21:27:33.616,8047,LOG,"AUDIT: SESSION,1,1,READ,SELECT,TABLE,public.employee,select * from employee,<none>"
2025-10-04 21:28:13.599,8047,LOG,"AUDIT: SESSION,2,1,WRITE,INSERT,TABLE,public.employee,""insert into employee(name, salary) values('Naruto',123456)"",<none>"
2025-10-04 21:28:14.479,7932,LOG,"checkpoint complete: wrote 988 buffers (6.0%), wrote 3 SLRU buffers; 0 WAL file(s) added, 0 removed, 1 recycled; write=99.702 s, sync=0.328 s, total=100.063 s; sync files=332, longest=0.008 s, average=0.001 s; distance=4428 kB, estimate=4428 kB; lsn=0/20A1C88, redo lsn=0/2099108"
2025-10-04 21:28:16.484,8047,LOG,"AUDIT: SESSION,3,1,READ,SELECT,TABLE,public.employee,select * from employee,<none>"
2025-10-04 21:28:24.231,8047,LOG,disconnection: session time: 0:01:04.063 user=audituser database=auditdb host=127.0.0.1 port=43702
2025-10-04 21:33:41.969,8256,LOG,connection received: host=127.0.0.1 port=34764
2025-10-04 21:33:42.041,8256,LOG,"connection authenticated: identity=""postgres"" method=scram-sha-256 (/etc/postgresql/18/main/pg_hba.conf:125)"
2025-10-04 21:33:42.041,8256,LOG,"connection authorized: user=postgres database=postgres application_name=pgAdmin 4 - DB:postgres SSL enabled (protocol=TLSv1.3, cipher=TLS_AES_256_GCM_SHA384, bits=256)"
2025-10-04 21:33:42.066,8256,LOG,"AUDIT: SESSION,1,1,MISC,SET,,,SET DateStyle=ISO,<none>"
2025-10-04 21:33:42.066,8256,LOG,"AUDIT: SESSION,2,1,MISC,SET,,,SET client_min_messages=notice,<none>"
2025-10-04 21:33:42.101,8256,LOG,"AUDIT: SESSION,3,1,READ,SELECT,,,""SELECT set_config('bytea_output','hex',false) FROM pg_show_all_settings() WHERE name = 'bytea_output'"",<none>"
2025-10-04 21:33:42.103,8256,LOG,"AUDIT: SESSION,4,1,MISC,SET,,,SET client_encoding='utf-8',<none>"
2025-10-04 21:33:42.108,8256,LOG,"AUDIT: SESSION,5,1,READ,SELECT,,,SELECT version(),<none>"
2025-10-04 21:33:42.134,8256,LOG,"AUDIT: SESSION,6,1,READ,SELECT,TABLE,pg_catalog.pg_database,""SELECT"
2025-10-04 21:33:42.148,8256,LOG,"AUDIT: SESSION,7,1,READ,SELECT,VIEW,pg_catalog.pg_stat_gssapi,""SELECT"
2025-10-04 21:33:42.180,8256,LOG,"AUDIT: SESSION,8,1,READ,SELECT,VIEW,pg_catalog.pg_roles,""SELECT"
2025-10-04 21:33:42.180,8256,LOG,"AUDIT: SESSION,8,1,READ,SELECT,TABLE,pg_catalog.pg_authid,""SELECT"
2025-10-04 21:33:42.180,8256,LOG,"AUDIT: SESSION,8,1,READ,SELECT,TABLE,pg_catalog.pg_db_role_setting,""SELECT"
2025-10-04 21:33:42.180,8256,LOG,"AUDIT: SESSION,8,1,READ,SELECT,VIEW,pg_catalog.pg_roles,""SELECT"
2025-10-04 21:33:42.180,8256,LOG,"AUDIT: SESSION,8,1,READ,SELECT,TABLE,pg_catalog.pg_authid,""SELECT"
2025-10-04 21:33:42.180,8256,LOG,"AUDIT: SESSION,8,1,READ,SELECT,TABLE,pg_catalog.pg_db_role_setting,""SELECT"
2025-10-04 21:33:42.180,8256,LOG,"AUDIT: SESSION,8,1,READ,SELECT,TABLE,pg_catalog.pg_auth_members,""SELECT"
2025-10-04 21:33:42.180,8256,LOG,"AUDIT: SESSION,8,1,READ,SELECT,VIEW,pg_catalog.pg_roles,""SELECT"
2025-10-04 21:33:42.180,8256,LOG,"AUDIT: SESSION,8,1,READ,SELECT,TABLE,pg_catalog.pg_authid,""SELECT"
2025-10-04 21:33:42.180,8256,LOG,"AUDIT: SESSION,8,1,READ,SELECT,TABLE,pg_catalog.pg_db_role_setting,""SELECT"
2025-10-04 21:33:42.193,8256,LOG,"AUDIT: SESSION,9,1,READ,SELECT,TABLE,pg_catalog.pg_database,""SELECT"
2025-10-04 21:33:42.193,8256,LOG,"AUDIT: SESSION,9,1,READ,SELECT,TABLE,pg_catalog.pg_tablespace,""SELECT"
2025-10-04 21:33:42.193,8256,LOG,"AUDIT: SESSION,9,1,READ,SELECT,TABLE,pg_catalog.pg_shdescription,""SELECT"
2025-10-04 21:33:45.386,8256,LOG,"AUDIT: SESSION,10,1,READ,SELECT,TABLE,pg_catalog.pg_database,""SELECT"
2025-10-04 21:33:45.387,8256,LOG,"AUDIT: SESSION,11,1,READ,SELECT,TABLE,pg_catalog.pg_database,""SELECT"
2025-10-04 21:33:45.389,8261,LOG,connection received: host=127.0.0.1 port=50744
2025-10-04 21:33:45.401,8262,LOG,connection received: host=127.0.0.1 port=50760
2025-10-04 21:33:45.414,8261,LOG,"connection authenticated: identity=""postgres"" method=scram-sha-256 (/etc/postgresql/18/main/pg_hba.conf:125)"
2025-10-04 21:33:45.414,8261,LOG,"connection authorized: user=postgres database=auditdb application_name=pgAdmin 4 - DB:auditdb SSL enabled (protocol=TLSv1.3, cipher=TLS_AES_256_GCM_SHA384, bits=256)"
2025-10-04 21:33:45.421,8262,LOG,"connection authenticated: identity=""postgres"" method=scram-sha-256 (/etc/postgresql/18/main/pg_hba.conf:125)"
2025-10-04 21:33:45.421,8262,LOG,"connection authorized: user=postgres database=auditdb application_name=pgAdmin 4 - DB:auditdb SSL enabled (protocol=TLSv1.3, cipher=TLS_AES_256_GCM_SHA384, bits=256)"
2025-10-04 21:33:45.431,8261,LOG,"AUDIT: SESSION,1,1,MISC,SET,,,SET DateStyle=ISO,<none>"
2025-10-04 21:33:45.431,8261,LOG,"AUDIT: SESSION,2,1,MISC,SET,,,SET client_min_messages=notice,<none>"
2025-10-04 21:33:45.433,8262,LOG,"AUDIT: SESSION,1,1,MISC,SET,,,SET DateStyle=ISO,<none>"
2025-10-04 21:33:45.433,8262,LOG,"AUDIT: SESSION,2,1,MISC,SET,,,SET client_min_messages=notice,<none>"
2025-10-04 21:33:45.436,8261,LOG,"AUDIT: SESSION,3,1,READ,SELECT,,,""SELECT set_config('bytea_output','hex',false) FROM pg_show_all_settings() WHERE name = 'bytea_output'"",<none>"
2025-10-04 21:33:45.436,8262,LOG,"AUDIT: SESSION,3,1,READ,SELECT,,,""SELECT set_config('bytea_output','hex',false) FROM pg_show_all_settings() WHERE name = 'bytea_output'"",<none>"
2025-10-04 21:33:45.437,8261,LOG,"AUDIT: SESSION,4,1,MISC,SET,,,SET client_encoding='utf-8',<none>"
2025-10-04 21:33:45.438,8262,LOG,"AUDIT: SESSION,4,1,MISC,SET,,,SET client_encoding='utf-8',<none>"
2025-10-04 21:33:45.438,8261,LOG,"AUDIT: SESSION,5,1,READ,SELECT,,,SELECT version(),<none>"
2025-10-04 21:33:45.439,8261,LOG,"AUDIT: SESSION,6,1,READ,SELECT,TABLE,pg_catalog.pg_database,""SELECT"
2025-10-04 21:33:45.439,8262,LOG,"AUDIT: SESSION,5,1,READ,SELECT,,,SELECT version(),<none>"
2025-10-04 21:33:45.439,8261,LOG,"AUDIT: SESSION,7,1,READ,SELECT,VIEW,pg_catalog.pg_stat_gssapi,""SELECT"
2025-10-04 21:33:45.440,8262,LOG,"AUDIT: SESSION,6,1,READ,SELECT,TABLE,pg_catalog.pg_database,""SELECT"
2025-10-04 21:33:45.440,8262,LOG,"AUDIT: SESSION,7,1,READ,SELECT,VIEW,pg_catalog.pg_stat_gssapi,""SELECT"
2025-10-04 21:33:45.441,8262,LOG,"AUDIT: SESSION,8,1,READ,SELECT,VIEW,pg_catalog.pg_roles,""SELECT"
2025-10-04 21:33:45.442,8261,LOG,"AUDIT: SESSION,8,1,READ,SELECT,VIEW,pg_catalog.pg_roles,""SELECT"
2025-10-04 21:33:45.442,8262,LOG,"AUDIT: SESSION,8,1,READ,SELECT,TABLE,pg_catalog.pg_authid,""SELECT"
2025-10-04 21:33:45.442,8262,LOG,"AUDIT: SESSION,8,1,READ,SELECT,TABLE,pg_catalog.pg_db_role_setting,""SELECT"
2025-10-04 21:33:45.442,8262,LOG,"AUDIT: SESSION,8,1,READ,SELECT,VIEW,pg_catalog.pg_roles,""SELECT"
2025-10-04 21:33:45.442,8262,LOG,"AUDIT: SESSION,8,1,READ,SELECT,TABLE,pg_catalog.pg_authid,""SELECT"
2025-10-04 21:33:45.442,8262,LOG,"AUDIT: SESSION,8,1,READ,SELECT,TABLE,pg_catalog.pg_db_role_setting,""SELECT"
2025-10-04 21:33:45.442,8262,LOG,"AUDIT: SESSION,8,1,READ,SELECT,TABLE,pg_catalog.pg_auth_members,""SELECT"
2025-10-04 21:33:45.442,8262,LOG,"AUDIT: SESSION,8,1,READ,SELECT,VIEW,pg_catalog.pg_roles,""SELECT"
2025-10-04 21:33:45.442,8262,LOG,"AUDIT: SESSION,8,1,READ,SELECT,TABLE,pg_catalog.pg_authid,""SELECT"
2025-10-04 21:33:45.442,8262,LOG,"AUDIT: SESSION,8,1,READ,SELECT,TABLE,pg_catalog.pg_db_role_setting,""SELECT"
2025-10-04 21:33:45.444,8261,LOG,"AUDIT: SESSION,8,1,READ,SELECT,TABLE,pg_catalog.pg_authid,""SELECT"
2025-10-04 21:33:45.444,8261,LOG,"AUDIT: SESSION,8,1,READ,SELECT,TABLE,pg_catalog.pg_db_role_setting,""SELECT"
2025-10-04 21:33:45.444,8261,LOG,"AUDIT: SESSION,8,1,READ,SELECT,VIEW,pg_catalog.pg_roles,""SELECT"
2025-10-04 21:33:45.444,8261,LOG,"AUDIT: SESSION,8,1,READ,SELECT,TABLE,pg_catalog.pg_authid,""SELECT"
2025-10-04 21:33:45.444,8261,LOG,"AUDIT: SESSION,8,1,READ,SELECT,TABLE,pg_catalog.pg_db_role_setting,""SELECT"
2025-10-04 21:33:45.444,8261,LOG,"AUDIT: SESSION,8,1,READ,SELECT,TABLE,pg_catalog.pg_auth_members,""SELECT"
2025-10-04 21:33:45.444,8261,LOG,"AUDIT: SESSION,8,1,READ,SELECT,VIEW,pg_catalog.pg_roles,""SELECT"
2025-10-04 21:33:45.444,8261,LOG,"AUDIT: SESSION,8,1,READ,SELECT,TABLE,pg_catalog.pg_authid,""SELECT"
2025-10-04 21:33:45.444,8261,LOG,"AUDIT: SESSION,8,1,READ,SELECT,TABLE,pg_catalog.pg_db_role_setting,""SELECT"
2025-10-04 21:33:45.478,8261,LOG,disconnection: session time: 0:00:00.088 user=postgres database=auditdb host=127.0.0.1 port=50744
2025-10-04 21:33:45.525,8262,LOG,"AUDIT: SESSION,9,1,READ,SELECT,TABLE,pg_catalog.pg_extension,""SELECT COUNT(*) FROM pg_extension WHERE extname IN ("
2025-10-04 21:33:57.744,8262,LOG,SSL error: unexpected eof while reading
2025-10-04 21:33:57.744,8262,LOG,could not receive data from client: Connection reset by peer
2025-10-04 21:33:57.745,8262,LOG,disconnection: session time: 0:00:12.346 user=postgres database=auditdb host=127.0.0.1 port=50760
2025-10-04 21:33:57.750,8256,LOG,SSL error: unexpected eof while reading
2025-10-04 21:33:57.750,8256,LOG,could not receive data from client: Connection reset by peer
2025-10-04 21:33:57.750,8256,LOG,disconnection: session time: 0:00:15.782 user=postgres database=postgres host=127.0.0.1 port=34764
2025-10-04 21:34:07.048,7927,LOG,received fast shutdown request
2025-10-04 21:34:07.064,7927,LOG,aborting any active transactions
2025-10-04 21:34:07.317,7927,LOG,"background worker ""logical replication launcher"" (PID 7937) exited with exit code 1"
2025-10-04 21:34:07.459,7932,LOG,shutting down
2025-10-04 21:34:07.476,7932,LOG,checkpoint starting: shutdown immediate
2025-10-04 21:34:07.737,7932,LOG,"checkpoint complete: wrote 11 buffers (0.1%), wrote 1 SLRU buffers; 0 WAL file(s) added, 0 removed, 0 recycled; write=0.132 s, sync=0.047 s, total=0.278 s; sync files=9, longest=0.011 s, average=0.006 s; distance=35 kB, estimate=3989 kB; lsn=0/20A1D38, redo lsn=0/20A1D38"
2025-10-04 21:34:08.412,7927,LOG,database system is shut down
2025-10-05 09:05:51.039,815,LOG,"starting PostgreSQL 18.0 (Ubuntu 18.0-1.pgdg22.04+3) on x86_64-pc-linux-gnu, compiled by gcc (Ubuntu 11.4.0-1ubuntu1~22.04.2) 11.4.0, 64-bit"
2025-10-05 09:05:51.039,815,LOG,"listening on IPv4 address ""0.0.0.0"", port 5432"
2025-10-05 09:05:51.039,815,LOG,"listening on IPv6 address ""::"", port 5432"
2025-10-05 09:05:51.173,815,LOG,"listening on Unix socket ""/var/run/postgresql/.s.PGSQL.5432"""
2025-10-05 09:05:51.752,1027,LOG,database system was shut down at 2025-10-04 21:34:07 +07
2025-10-05 09:05:52.126,815,LOG,database system is ready to accept connections
2025-10-05 09:05:52.863,1100,LOG,connection received: host=[local]
2025-10-05 09:05:53.715,1124,LOG,connection received: host=[local]
2025-10-05 09:05:53.783,1124,LOG,"connection authenticated: identity=""postgres"" method=peer (/etc/postgresql/18/main/pg_hba.conf:118)"
2025-10-05 09:05:53.783,1124,LOG,connection authorized: user=postgres database=template1 application_name=psql
2025-10-05 09:05:54.333,1124,LOG,disconnection: session time: 0:00:00.612 user=postgres database=template1 host=[local]
2025-10-05 09:05:55.072,1161,LOG,connection received: host=[local]
2025-10-05 09:05:55.131,1161,LOG,"connection authenticated: identity=""postgres"" method=peer (/etc/postgresql/18/main/pg_hba.conf:118)"
2025-10-05 09:05:55.132,1161,LOG,connection authorized: user=postgres database=template1 application_name=psql
2025-10-05 09:05:55.195,1161,LOG,disconnection: session time: 0:00:00.131 user=postgres database=template1 host=[local]
2025-10-05 09:05:55.915,1178,LOG,connection received: host=[local]
2025-10-05 09:05:55.917,1178,LOG,"connection authenticated: identity=""postgres"" method=peer (/etc/postgresql/18/main/pg_hba.conf:118)"
2025-10-05 09:05:55.917,1178,LOG,connection authorized: user=postgres database=template1 application_name=psql
2025-10-05 09:05:56.001,1178,LOG,disconnection: session time: 0:00:00.097 user=postgres database=template1 host=[local]
2025-10-05 09:10:55.416,1025,LOG,checkpoint starting: time
2025-10-05 09:10:55.614,1025,LOG,"checkpoint complete: wrote 1 buffers (0.0%), wrote 3 SLRU buffers; 0 WAL file(s) added, 0 removed, 0 recycled; write=0.161 s, sync=0.005 s, total=0.224 s; sync files=3, longest=0.002 s, average=0.002 s; distance=8 kB, estimate=8 kB; lsn=0/20A3E88, redo lsn=0/20A3E30"
2025-10-05 09:15:05.047,5507,LOG,connection received: host=10.0.2.2 port=55648
2025-10-05 09:15:16.476,5513,LOG,connection received: host=10.0.2.2 port=55655
2025-10-05 09:15:24.746,5518,LOG,connection received: host=10.0.2.2 port=55659
2025-10-05 09:15:24.791,5518,LOG,"connection authenticated: identity=""postgres"" method=scram-sha-256 (/etc/postgresql/18/main/pg_hba.conf:126)"
2025-10-05 09:15:24.792,5518,LOG,"connection authorized: user=postgres database=testdb application_name=psql SSL enabled (protocol=TLSv1.3, cipher=TLS_AES_256_GCM_SHA384, bits=256)"
2025-10-05 09:15:59.015,5518,LOG,"AUDIT: SESSION,1,1,READ,SELECT,TABLE,pg_catalog.pg_database,""SELECT"
2025-10-05 09:16:04.378,5518,LOG,"AUDIT: SESSION,2,1,READ,SELECT,TABLE,pg_catalog.pg_class,""SELECT n.nspname as """"Schema"""","
2025-10-05 09:16:04.378,5518,LOG,"AUDIT: SESSION,2,1,READ,SELECT,TABLE,pg_catalog.pg_namespace,""SELECT n.nspname as """"Schema"""","
2025-10-05 09:16:04.378,5518,LOG,"AUDIT: SESSION,2,1,READ,SELECT,TABLE,pg_catalog.pg_am,""SELECT n.nspname as """"Schema"""","
2025-10-05 09:16:11.454,5518,LOG,"AUDIT: SESSION,3,1,READ,SELECT,TABLE,public.sinhvien,select * from sinhvien,<none>"
2025-10-05 09:20:21.217,5518,LOG,disconnection: session time: 0:04:56.470 user=postgres database=testdb host=10.0.2.2 port=55659
2025-10-05 09:46:34.739,8597,LOG,connection received: host=10.0.2.2 port=65377
2025-10-05 09:46:41.441,8601,LOG,connection received: host=10.0.2.2 port=65379
2025-10-05 09:46:41.490,8601,LOG,"connection authenticated: identity=""postgres"" method=scram-sha-256 (/etc/postgresql/18/main/pg_hba.conf:126)"
2025-10-05 09:46:41.490,8601,LOG,"connection authorized: user=postgres database=testdb application_name=psql SSL enabled (protocol=TLSv1.3, cipher=TLS_AES_256_GCM_SHA384, bits=256)"
2025-10-05 09:50:48.749,8601,LOG,"AUDIT: SESSION,1,1,READ,SELECT,TABLE,pg_catalog.pg_class,""SELECT n.nspname as """"Schema"""","
2025-10-05 09:50:48.751,8601,LOG,"AUDIT: SESSION,1,1,READ,SELECT,TABLE,pg_catalog.pg_namespace,""SELECT n.nspname as """"Schema"""","
2025-10-05 09:50:48.751,8601,LOG,"AUDIT: SESSION,1,1,READ,SELECT,TABLE,pg_catalog.pg_am,""SELECT n.nspname as """"Schema"""","
2025-10-05 09:51:04.417,8601,LOG,"AUDIT: SESSION,2,1,READ,SELECT,TABLE,public.sinhvien,select * from sinhvien,<none>"
2025-10-05 09:52:29.762,8601,LOG,"AUDIT: SESSION,3,1,READ,SELECT,TABLE,public.sinhvien,select * from sinhvien,<none>"
2025-10-05 09:54:08.715,8601,LOG,disconnection: session time: 0:07:27.274 user=postgres database=testdb host=10.0.2.2 port=65379
2025-10-05 09:55:32.283,9140,LOG,connection received: host=10.0.2.2 port=61305
2025-10-05 09:55:42.283,9143,LOG,connection received: host=10.0.2.2 port=61307
2025-10-05 09:55:42.321,9143,LOG,"connection authenticated: identity=""postgres"" method=scram-sha-256 (/etc/postgresql/18/main/pg_hba.conf:126)"
2025-10-05 09:55:42.321,9143,LOG,"connection authorized: user=postgres database=testdb application_name=psql SSL enabled (protocol=TLSv1.3, cipher=TLS_AES_256_GCM_SHA384, bits=256)"
2025-10-05 10:04:22.063,9143,LOG,disconnection: session time: 0:08:39.780 user=postgres database=testdb host=10.0.2.2 port=61307
2025-10-05 10:05:05.758,9259,LOG,connection received: host=10.0.2.2 port=62590
2025-10-05 10:05:10.894,9264,LOG,connection received: host=10.0.2.2 port=62592
2025-10-05 10:05:10.928,9264,LOG,"connection authenticated: identity=""postgres"" method=scram-sha-256 (/etc/postgresql/18/main/pg_hba.conf:126)"
2025-10-05 10:05:10.928,9264,LOG,"connection authorized: user=postgres database=testdb application_name=psql SSL enabled (protocol=TLSv1.3, cipher=TLS_AES_256_GCM_SHA384, bits=256)"
2025-10-05 10:05:37.308,9264,LOG,disconnection: session time: 0:00:26.414 user=postgres database=testdb host=10.0.2.2 port=62592
2025-10-05 10:08:40.456,9327,LOG,connection received: host=10.0.2.2 port=57581
2025-10-05 10:08:45.517,9328,LOG,connection received: host=10.0.2.2 port=57583
2025-10-05 10:08:45.559,9328,LOG,"connection authenticated: identity=""postgres"" method=scram-sha-256 (/etc/postgresql/18/main/pg_hba.conf:126)"
2025-10-05 10:08:45.560,9328,LOG,"connection authorized: user=postgres database=testdb application_name=psql SSL enabled (protocol=TLSv1.3, cipher=TLS_AES_256_GCM_SHA384, bits=256)"
2025-10-05 10:09:03.586,9328,LOG,disconnection: session time: 0:00:18.069 user=postgres database=testdb host=10.0.2.2 port=57583
2025-10-05 10:32:28.632,815,LOG,received fast shutdown request
2025-10-05 10:32:28.717,815,LOG,aborting any active transactions
2025-10-05 10:32:29.643,815,LOG,"background worker ""logical replication launcher"" (PID 1065) exited with exit code 1"
2025-10-05 10:32:29.740,1025,LOG,shutting down
2025-10-05 10:32:29.800,1025,LOG,checkpoint starting: shutdown immediate
2025-10-05 10:32:30.357,1025,LOG,"checkpoint complete: wrote 0 buffers (0.0%), wrote 0 SLRU buffers; 0 WAL file(s) added, 0 removed, 0 recycled; write=0.420 s, sync=0.009 s, total=0.617 s; sync files=0, longest=0.000 s, average=0.000 s; distance=0 kB, estimate=7 kB; lsn=0/20A3F38, redo lsn=0/20A3F38"
2025-10-05 10:32:30.899,815,LOG,database system is shut down
2025-10-05 19:42:22.450,804,LOG,"starting PostgreSQL 18.0 (Ubuntu 18.0-1.pgdg22.04+3) on x86_64-pc-linux-gnu, compiled by gcc (Ubuntu 11.4.0-1ubuntu1~22.04.2) 11.4.0, 64-bit"
2025-10-05 19:42:22.451,804,LOG,"listening on IPv4 address ""0.0.0.0"", port 5432"
2025-10-05 19:42:22.451,804,LOG,"listening on IPv6 address ""::"", port 5432"
2025-10-05 19:42:22.701,804,LOG,"listening on Unix socket ""/var/run/postgresql/.s.PGSQL.5432"""
2025-10-05 19:42:23.803,1004,LOG,database system was shut down at 2025-10-05 10:32:30 +07
2025-10-05 19:42:24.622,804,LOG,database system is ready to accept connections
2025-10-05 19:42:25.283,1042,LOG,connection received: host=[local]
2025-10-05 19:42:26.199,1059,LOG,connection received: host=[local]
2025-10-05 19:42:26.253,1059,LOG,"connection authenticated: identity=""postgres"" method=peer (/etc/postgresql/18/main/pg_hba.conf:118)"
2025-10-05 19:42:26.253,1059,LOG,connection authorized: user=postgres database=template1 application_name=psql
2025-10-05 19:42:26.841,1059,LOG,disconnection: session time: 0:00:00.650 user=postgres database=template1 host=[local]
2025-10-05 19:42:27.778,1064,LOG,connection received: host=[local]
2025-10-05 19:42:27.854,1064,LOG,"connection authenticated: identity=""postgres"" method=peer (/etc/postgresql/18/main/pg_hba.conf:118)"
2025-10-05 19:42:27.858,1064,LOG,connection authorized: user=postgres database=template1 application_name=psql
2025-10-05 19:42:27.921,1064,LOG,disconnection: session time: 0:00:00.165 user=postgres database=template1 host=[local]
2025-10-05 19:42:28.717,1078,LOG,connection received: host=[local]
2025-10-05 19:42:28.718,1078,LOG,"connection authenticated: identity=""postgres"" method=peer (/etc/postgresql/18/main/pg_hba.conf:118)"
2025-10-05 19:42:28.728,1078,LOG,connection authorized: user=postgres database=template1 application_name=psql
2025-10-05 19:42:28.826,1078,LOG,disconnection: session time: 0:00:00.130 user=postgres database=template1 host=[local]
2025-10-05 19:47:25.140,999,LOG,checkpoint starting: time
2025-10-05 19:47:25.316,999,LOG,"checkpoint complete: wrote 0 buffers (0.0%), wrote 3 SLRU buffers; 0 WAL file(s) added, 0 removed, 0 recycled; write=0.049 s, sync=0.015 s, total=0.189 s; sync files=2, longest=0.011 s, average=0.008 s; distance=0 kB, estimate=0 kB; lsn=0/20A4058, redo lsn=0/20A3FE8"
2025-10-05 20:49:37.506,8279,LOG,connection received: host=10.0.2.2 port=51593
2025-10-05 20:49:47.543,8331,LOG,connection received: host=10.0.2.2 port=50438
2025-10-05 20:49:47.622,8331,LOG,received direct SSL connection request without ALPN protocol negotiation extension
2025-10-05 20:50:47.576,8391,LOG,connection received: host=10.0.2.2 port=54068
2025-10-05 20:50:47.612,8391,LOG,received direct SSL connection request without ALPN protocol negotiation extension
2025-10-05 20:50:49.899,8401,LOG,connection received: host=10.0.2.2 port=54076
2025-10-05 20:50:49.916,8401,LOG,received direct SSL connection request without ALPN protocol negotiation extension
2025-10-05 20:52:32.076,8691,LOG,connection received: host=10.0.2.2 port=62820
2025-10-05 21:01:55.742,11692,LOG,connection received: host=10.0.2.2 port=59088
2025-10-05 21:01:58.255,11694,LOG,connection received: host=10.0.2.2 port=59089
2025-10-05 21:01:58.290,11694,LOG,"connection authenticated: identity=""postgres"" method=scram-sha-256 (/etc/postgresql/18/main/pg_hba.conf:126)"
2025-10-05 21:01:58.290,11694,LOG,"connection authorized: user=postgres database=postgres application_name=psql SSL enabled (protocol=TLSv1.3, cipher=TLS_AES_256_GCM_SHA384, bits=256)"
2025-10-05 21:02:04.627,11694,LOG,"AUDIT: SESSION,1,1,READ,SELECT,TABLE,pg_catalog.pg_database,""SELECT"
2025-10-05 21:02:10.766,11694,LOG,disconnection: session time: 0:00:12.511 user=postgres database=postgres host=10.0.2.2 port=59089
2025-10-05 21:02:15.824,11700,LOG,connection received: host=10.0.2.2 port=59090
2025-10-05 21:02:18.729,11703,LOG,connection received: host=10.0.2.2 port=59092
2025-10-05 21:02:18.756,11703,LOG,"connection authenticated: identity=""postgres"" method=scram-sha-256 (/etc/postgresql/18/main/pg_hba.conf:126)"
2025-10-05 21:02:18.756,11703,LOG,"connection authorized: user=postgres database=testdb application_name=psql SSL enabled (protocol=TLSv1.3, cipher=TLS_AES_256_GCM_SHA384, bits=256)"
2025-10-05 21:16:34.490,11703,LOG,disconnection: session time: 0:14:15.758 user=postgres database=testdb host=10.0.2.2 port=59092
2025-10-05 21:42:41.823,804,LOG,received fast shutdown request
2025-10-05 21:42:41.895,804,LOG,aborting any active transactions
2025-10-05 21:42:43.823,804,LOG,"background worker ""logical replication launcher"" (PID 1023) exited with exit code 1"
2025-10-05 21:42:43.945,999,LOG,shutting down
2025-10-05 21:42:43.972,999,LOG,checkpoint starting: shutdown immediate
2025-10-05 21:42:45.000,999,LOG,"checkpoint complete: wrote 0 buffers (0.0%), wrote 0 SLRU buffers; 0 WAL file(s) added, 0 removed, 0 recycled; write=0.682 s, sync=0.001 s, total=1.047 s; sync files=0, longest=0.000 s, average=0.000 s; distance=0 kB, estimate=0 kB; lsn=0/20A4108, redo lsn=0/20A4108"
2025-10-05 21:42:45.517,804,LOG,database system is shut down
2025-10-07 14:27:35.893,757,LOG,"starting PostgreSQL 18.0 (Ubuntu 18.0-1.pgdg22.04+3) on x86_64-pc-linux-gnu, compiled by gcc (Ubuntu 11.4.0-1ubuntu1~22.04.2) 11.4.0, 64-bit"
2025-10-07 14:27:35.893,757,LOG,"listening on IPv4 address ""0.0.0.0"", port 5432"
2025-10-07 14:27:35.893,757,LOG,"listening on IPv6 address ""::"", port 5432"
2025-10-07 14:27:36.003,757,LOG,"listening on Unix socket ""/var/run/postgresql/.s.PGSQL.5432"""
2025-10-07 14:27:36.977,906,LOG,database system was shut down at 2025-10-05 21:42:44 +07
2025-10-07 14:27:37.811,757,LOG,database system is ready to accept connections
2025-10-07 14:27:38.546,1009,LOG,connection received: host=[local]
2025-10-07 14:27:39.448,1055,LOG,connection received: host=[local]
2025-10-07 14:27:39.528,1055,LOG,"connection authenticated: identity=""postgres"" method=peer (/etc/postgresql/18/main/pg_hba.conf:118)"
2025-10-07 14:27:39.529,1055,LOG,connection authorized: user=postgres database=template1 application_name=psql
2025-10-07 14:27:40.018,1055,LOG,disconnection: session time: 0:00:00.547 user=postgres database=template1 host=[local]
2025-10-07 14:27:40.905,1079,LOG,connection received: host=[local]
2025-10-07 14:27:40.944,1079,LOG,"connection authenticated: identity=""postgres"" method=peer (/etc/postgresql/18/main/pg_hba.conf:118)"
2025-10-07 14:27:40.944,1079,LOG,connection authorized: user=postgres database=template1 application_name=psql
2025-10-07 14:27:40.988,1079,LOG,disconnection: session time: 0:00:00.083 user=postgres database=template1 host=[local]
2025-10-07 14:27:41.687,1092,LOG,connection received: host=[local]
2025-10-07 14:27:41.852,1092,LOG,"connection authenticated: identity=""postgres"" method=peer (/etc/postgresql/18/main/pg_hba.conf:118)"
2025-10-07 14:27:41.905,1092,LOG,connection authorized: user=postgres database=template1 application_name=psql
2025-10-07 14:27:42.069,1092,LOG,disconnection: session time: 0:00:00.382 user=postgres database=template1 host=[local]
2025-10-07 14:30:11.871,757,LOG,received fast shutdown request
2025-10-07 14:30:11.950,757,LOG,aborting any active transactions
2025-10-07 14:30:12.641,757,LOG,"background worker ""logical replication launcher"" (PID 978) exited with exit code 1"
2025-10-07 14:30:12.682,900,LOG,shutting down
2025-10-07 14:30:12.709,900,LOG,checkpoint starting: shutdown immediate
2025-10-07 14:30:12.904,900,LOG,"checkpoint complete: wrote 0 buffers (0.0%), wrote 3 SLRU buffers; 0 WAL file(s) added, 0 removed, 0 recycled; write=0.117 s, sync=0.006 s, total=0.214 s; sync files=2, longest=0.004 s, average=0.003 s; distance=0 kB, estimate=0 kB; lsn=0/20A41B8, redo lsn=0/20A41B8"
2025-10-07 14:30:13.194,757,LOG,database system is shut down
2025-10-07 14:34:25.071,717,LOG,"starting PostgreSQL 18.0 (Ubuntu 18.0-1.pgdg22.04+3) on x86_64-pc-linux-gnu, compiled by gcc (Ubuntu 11.4.0-1ubuntu1~22.04.2) 11.4.0, 64-bit"
2025-10-07 14:34:25.072,717,LOG,"listening on IPv4 address ""0.0.0.0"", port 5432"
2025-10-07 14:34:25.072,717,LOG,"listening on IPv6 address ""::"", port 5432"
2025-10-07 14:34:25.179,717,LOG,"listening on Unix socket ""/var/run/postgresql/.s.PGSQL.5432"""
2025-10-07 14:34:25.924,944,LOG,database system was shut down at 2025-10-07 14:30:12 +07
2025-10-07 14:34:26.734,717,LOG,database system is ready to accept connections
2025-10-07 14:34:27.613,1017,LOG,connection received: host=[local]
2025-10-07 14:34:28.557,1046,LOG,connection received: host=[local]
2025-10-07 14:34:28.627,1046,LOG,"connection authenticated: identity=""postgres"" method=peer (/etc/postgresql/18/main/pg_hba.conf:118)"
2025-10-07 14:34:28.627,1046,LOG,connection authorized: user=postgres database=template1 application_name=psql
2025-10-07 14:34:29.233,1046,LOG,disconnection: session time: 0:00:00.684 user=postgres database=template1 host=[local]
2025-10-07 14:34:30.033,1065,LOG,connection received: host=[local]
2025-10-07 14:34:30.067,1065,LOG,"connection authenticated: identity=""postgres"" method=peer (/etc/postgresql/18/main/pg_hba.conf:118)"
2025-10-07 14:34:30.068,1065,LOG,connection authorized: user=postgres database=template1 application_name=psql
2025-10-07 14:34:30.148,1065,LOG,disconnection: session time: 0:00:00.115 user=postgres database=template1 host=[local]
2025-10-07 14:34:30.852,1068,LOG,connection received: host=[local]
2025-10-07 14:34:30.854,1068,LOG,"connection authenticated: identity=""postgres"" method=peer (/etc/postgresql/18/main/pg_hba.conf:118)"
2025-10-07 14:34:30.864,1068,LOG,connection authorized: user=postgres database=template1 application_name=psql
2025-10-07 14:34:30.959,1068,LOG,disconnection: session time: 0:00:00.109 user=postgres database=template1 host=[local]
2025-10-07 14:36:11.222,694,LOG,"starting PostgreSQL 18.0 (Ubuntu 18.0-1.pgdg22.04+3) on x86_64-pc-linux-gnu, compiled by gcc (Ubuntu 11.4.0-1ubuntu1~22.04.2) 11.4.0, 64-bit"
2025-10-07 14:36:11.256,694,LOG,"listening on IPv4 address ""0.0.0.0"", port 5432"
2025-10-07 14:36:11.256,694,LOG,"listening on IPv6 address ""::"", port 5432"
2025-10-07 14:36:11.307,694,LOG,"listening on Unix socket ""/var/run/postgresql/.s.PGSQL.5432"""
2025-10-07 14:36:11.801,791,LOG,database system was interrupted; last known up at 2025-10-07 14:34:26 +07
2025-10-07 14:36:17.804,791,LOG,database system was not properly shut down; automatic recovery in progress
2025-10-07 14:36:17.872,791,LOG,redo starts at 0/20A4230
2025-10-07 14:36:17.872,791,LOG,"invalid record length at 0/20A4268: expected at least 24, got 0"
2025-10-07 14:36:17.872,791,LOG,"redo done at 0/20A4230 system usage: CPU: user: 0.00 s, system: 0.00 s, elapsed: 0.03 s"
2025-10-07 14:36:17.937,783,LOG,checkpoint starting: end-of-recovery immediate wait
2025-10-07 14:36:18.094,783,LOG,"checkpoint complete: wrote 0 buffers (0.0%), wrote 3 SLRU buffers; 0 WAL file(s) added, 0 removed, 0 recycled; write=0.028 s, sync=0.031 s, total=0.168 s; sync files=2, longest=0.028 s, average=0.016 s; distance=0 kB, estimate=0 kB; lsn=0/20A4268, redo lsn=0/20A4268"
2025-10-07 14:36:18.199,694,LOG,database system is ready to accept connections
2025-10-07 14:36:18.882,1072,LOG,connection received: host=[local]
2025-10-07 14:36:19.780,1097,LOG,connection received: host=[local]
2025-10-07 14:36:19.818,1097,LOG,"connection authenticated: identity=""postgres"" method=peer (/etc/postgresql/18/main/pg_hba.conf:118)"
2025-10-07 14:36:19.819,1097,LOG,connection authorized: user=postgres database=template1 application_name=psql
2025-10-07 14:36:20.172,1097,LOG,disconnection: session time: 0:00:00.399 user=postgres database=template1 host=[local]
2025-10-07 14:36:21.131,1135,LOG,connection received: host=[local]
2025-10-07 14:36:21.209,1135,LOG,"connection authenticated: identity=""postgres"" method=peer (/etc/postgresql/18/main/pg_hba.conf:118)"
2025-10-07 14:36:21.209,1135,LOG,connection authorized: user=postgres database=template1 application_name=psql
2025-10-07 14:36:21.349,1135,LOG,disconnection: session time: 0:00:00.218 user=postgres database=template1 host=[local]
2025-10-07 14:36:22.290,1207,LOG,connection received: host=[local]
2025-10-07 14:36:22.291,1207,LOG,"connection authenticated: identity=""postgres"" method=peer (/etc/postgresql/18/main/pg_hba.conf:118)"
2025-10-07 14:36:22.304,1207,LOG,connection authorized: user=postgres database=template1 application_name=psql
2025-10-07 14:36:22.340,1207,LOG,disconnection: session time: 0:00:00.077 user=postgres database=template1 host=[local]
2025-10-07 15:20:17.184,694,LOG,received fast shutdown request
2025-10-07 15:20:17.256,694,LOG,aborting any active transactions
2025-10-07 15:20:18.297,694,LOG,"background worker ""logical replication launcher"" (PID 1064) exited with exit code 1"
2025-10-07 15:20:18.378,783,LOG,shutting down
2025-10-07 15:20:18.414,783,LOG,checkpoint starting: shutdown immediate
2025-10-07 15:20:18.891,783,LOG,"checkpoint complete: wrote 0 buffers (0.0%), wrote 0 SLRU buffers; 0 WAL file(s) added, 0 removed, 0 recycled; write=0.397 s, sync=0.001 s, total=0.503 s; sync files=0, longest=0.000 s, average=0.000 s; distance=0 kB, estimate=0 kB; lsn=0/20A4318, redo lsn=0/20A4318"
2025-10-07 15:20:19.409,694,LOG,database system is shut down
2025-10-07 15:21:23.296,772,LOG,"starting PostgreSQL 18.0 (Ubuntu 18.0-1.pgdg22.04+3) on x86_64-pc-linux-gnu, compiled by gcc (Ubuntu 11.4.0-1ubuntu1~22.04.2) 11.4.0, 64-bit"
2025-10-07 15:21:23.296,772,LOG,"listening on IPv4 address ""0.0.0.0"", port 5432"
2025-10-07 15:21:23.296,772,LOG,"listening on IPv6 address ""::"", port 5432"
2025-10-07 15:21:23.343,772,LOG,"listening on Unix socket ""/var/run/postgresql/.s.PGSQL.5432"""
2025-10-07 15:21:23.744,916,LOG,database system was shut down at 2025-10-07 15:20:18 +07
2025-10-07 15:21:24.050,772,LOG,database system is ready to accept connections
2025-10-07 15:21:24.714,1005,LOG,connection received: host=[local]
2025-10-07 15:21:25.636,1047,LOG,connection received: host=[local]
2025-10-07 15:21:25.694,1047,LOG,"connection authenticated: identity=""postgres"" method=peer (/etc/postgresql/18/main/pg_hba.conf:118)"
2025-10-07 15:21:25.694,1047,LOG,connection authorized: user=postgres database=template1 application_name=psql
2025-10-07 15:21:26.084,1047,LOG,disconnection: session time: 0:00:00.456 user=postgres database=template1 host=[local]
2025-10-07 15:21:26.764,1068,LOG,connection received: host=[local]
2025-10-07 15:21:26.793,1068,LOG,"connection authenticated: identity=""postgres"" method=peer (/etc/postgresql/18/main/pg_hba.conf:118)"
2025-10-07 15:21:26.794,1068,LOG,connection authorized: user=postgres database=template1 application_name=psql
2025-10-07 15:21:26.852,1068,LOG,disconnection: session time: 0:00:00.092 user=postgres database=template1 host=[local]
2025-10-07 15:21:27.575,1073,LOG,connection received: host=[local]
2025-10-07 15:21:27.597,1073,LOG,"connection authenticated: identity=""postgres"" method=peer (/etc/postgresql/18/main/pg_hba.conf:118)"
2025-10-07 15:21:27.613,1073,LOG,connection authorized: user=postgres database=template1 application_name=psql
2025-10-07 15:21:27.662,1073,LOG,disconnection: session time: 0:00:00.098 user=postgres database=template1 host=[local]
2025-10-07 15:26:25.270,903,LOG,checkpoint starting: time
2025-10-07 15:26:25.397,903,LOG,"checkpoint complete: wrote 0 buffers (0.0%), wrote 3 SLRU buffers; 0 WAL file(s) added, 0 removed, 0 recycled; write=0.019 s, sync=0.026 s, total=0.140 s; sync files=2, longest=0.017 s, average=0.013 s; distance=0 kB, estimate=0 kB; lsn=0/20A4420, redo lsn=0/20A43C8"
2025-10-07 16:07:34.024,17693,LOG,connection received: host=10.0.2.2 port=49257
2025-10-07 16:07:35.709,17695,LOG,connection received: host=10.0.2.2 port=49258
2025-10-07 16:07:35.711,17695,LOG,failed to send SSL negotiation response: Connection reset by peer
2025-10-07 16:30:34.806,18774,LOG,connection received: host=10.0.2.2 port=54624
2025-10-07 16:30:39.021,18775,LOG,connection received: host=10.0.2.2 port=54625
2025-10-07 16:30:39.051,18775,LOG,"connection authenticated: identity=""postgres"" method=scram-sha-256 (/etc/postgresql/18/main/pg_hba.conf:126)"
2025-10-07 16:30:39.053,18775,LOG,"connection authorized: user=postgres database=testdb application_name=psql SSL enabled (protocol=TLSv1.3, cipher=TLS_AES_256_GCM_SHA384, bits=256)"
2025-10-07 16:31:18.265,18775,LOG,"AUDIT: SESSION,1,1,READ,SELECT,TABLE,pg_catalog.pg_database,""SELECT"
2025-10-07 16:31:31.991,18775,LOG,"AUDIT: SESSION,2,1,READ,SELECT,TABLE,pg_catalog.pg_class,""SELECT n.nspname as """"Schema"""","
2025-10-07 16:31:31.992,18775,LOG,"AUDIT: SESSION,2,1,READ,SELECT,TABLE,pg_catalog.pg_namespace,""SELECT n.nspname as """"Schema"""","
2025-10-07 16:31:31.992,18775,LOG,"AUDIT: SESSION,2,1,READ,SELECT,TABLE,pg_catalog.pg_am,""SELECT n.nspname as """"Schema"""","
2025-10-07 16:31:38.848,18775,LOG,"AUDIT: SESSION,3,1,READ,SELECT,TABLE,public.sinhvien,select * from sinhvien,<none>"
2025-10-07 16:33:23.366,18775,LOG,"AUDIT: SESSION,4,1,READ,SELECT,TABLE,public.sinhvien,select * from sinhvien,<none>"
2025-10-07 16:33:38.437,18775,LOG,"AUDIT: SESSION,5,1,READ,SELECT,TABLE,public.sinhvien,select * from sinhvien,<none>"
2025-10-07 16:33:39.181,18775,LOG,"AUDIT: SESSION,6,1,READ,SELECT,TABLE,public.sinhvien,select * from sinhvien,<none>"
2025-10-07 16:33:39.768,18775,LOG,"AUDIT: SESSION,7,1,READ,SELECT,TABLE,public.sinhvien,select * from sinhvien,<none>"
2025-10-07 16:33:40.430,18775,LOG,"AUDIT: SESSION,8,1,READ,SELECT,TABLE,public.sinhvien,select * from sinhvien,<none>"
2025-10-07 16:33:40.966,18775,LOG,"AUDIT: SESSION,9,1,READ,SELECT,TABLE,public.sinhvien,select * from sinhvien,<none>"
2025-10-07 16:34:24.314,18775,LOG,disconnection: session time: 0:03:45.293 user=postgres database=testdb host=10.0.2.2 port=54625
2025-10-07 16:37:11.527,772,LOG,received fast shutdown request
2025-10-07 16:37:11.624,772,LOG,aborting any active transactions
2025-10-07 16:37:13.482,772,LOG,"background worker ""logical replication launcher"" (PID 961) exited with exit code 1"
2025-10-07 16:37:13.630,903,LOG,shutting down
2025-10-07 16:37:13.654,903,LOG,checkpoint starting: shutdown immediate
2025-10-07 16:37:14.371,903,LOG,"checkpoint complete: wrote 0 buffers (0.0%), wrote 0 SLRU buffers; 0 WAL file(s) added, 0 removed, 0 recycled; write=0.568 s, sync=0.001 s, total=0.704 s; sync files=0, longest=0.000 s, average=0.000 s; distance=0 kB, estimate=0 kB; lsn=0/20A44D0, redo lsn=0/20A44D0"
2025-10-07 16:37:15.574,772,LOG,database system is shut down
2025-10-08 11:43:28.003,6791,LOG,"starting PostgreSQL 18.0 (Ubuntu 18.0-1.pgdg22.04+3) on x86_64-pc-linux-gnu, compiled by gcc (Ubuntu 11.4.0-1ubuntu1~22.04.2) 11.4.0, 64-bit"
2025-10-08 11:43:28.003,6791,LOG,"listening on IPv4 address ""0.0.0.0"", port 5432"
2025-10-08 11:43:28.003,6791,LOG,"listening on IPv6 address ""::"", port 5432"
2025-10-08 11:43:28.007,6791,LOG,"listening on Unix socket ""/var/run/postgresql/.s.PGSQL.5432"""
2025-10-08 11:43:28.082,6798,LOG,database system was shut down at 2025-10-07 16:37:14 +07
2025-10-08 11:43:28.122,6791,LOG,database system is ready to accept connections
2025-10-08 11:43:28.630,6802,LOG,connection received: host=[local]
2025-10-08 11:43:29.162,6805,LOG,connection received: host=[local]
2025-10-08 11:43:29.169,6805,LOG,"connection authenticated: identity=""postgres"" method=peer (/etc/postgresql/18/main/pg_hba.conf:118)"
2025-10-08 11:43:29.170,6805,LOG,connection authorized: user=postgres database=template1 application_name=psql
2025-10-08 11:43:29.244,6805,LOG,disconnection: session time: 0:00:00.081 user=postgres database=template1 host=[local]
2025-10-08 11:43:29.760,6808,LOG,connection received: host=[local]
2025-10-08 11:43:29.764,6808,LOG,"connection authenticated: identity=""postgres"" method=peer (/etc/postgresql/18/main/pg_hba.conf:118)"
2025-10-08 11:43:29.764,6808,LOG,connection authorized: user=postgres database=template1 application_name=psql
2025-10-08 11:43:29.768,6808,LOG,disconnection: session time: 0:00:00.007 user=postgres database=template1 host=[local]
2025-10-08 11:43:30.288,6811,LOG,connection received: host=[local]
2025-10-08 11:43:30.289,6811,LOG,"connection authenticated: identity=""postgres"" method=peer (/etc/postgresql/18/main/pg_hba.conf:118)"
2025-10-08 11:43:30.289,6811,LOG,connection authorized: user=postgres database=template1 application_name=psql
2025-10-08 11:43:30.291,6811,LOG,disconnection: session time: 0:00:00.002 user=postgres database=template1 host=[local]
2025-10-08 11:43:49.854,6825,LOG,connection received: host=10.0.2.2 port=55812
2025-10-08 11:43:52.598,6827,LOG,connection received: host=10.0.2.2 port=55813
2025-10-08 11:43:52.626,6827,LOG,"connection authenticated: identity=""postgres"" method=scram-sha-256 (/etc/postgresql/18/main/pg_hba.conf:126)"
2025-10-08 11:43:52.627,6827,LOG,"connection authorized: user=postgres database=postgres application_name=psql SSL enabled (protocol=TLSv1.3, cipher=TLS_AES_256_GCM_SHA384, bits=256)"
2025-10-08 11:44:31.696,6827,LOG,"AUDIT: SESSION,1,1,READ,SELECT,TABLE,pg_catalog.pg_database,""SELECT"
2025-10-08 11:45:50.412,6827,LOG,"AUDIT: SESSION,2,1,READ,SELECT,TABLE,pg_catalog.pg_class,""SELECT n.nspname as """"Schema"""","
2025-10-08 11:45:50.412,6827,LOG,"AUDIT: SESSION,2,1,READ,SELECT,TABLE,pg_catalog.pg_namespace,""SELECT n.nspname as """"Schema"""","
2025-10-08 11:45:50.412,6827,LOG,"AUDIT: SESSION,2,1,READ,SELECT,TABLE,pg_catalog.pg_am,""SELECT n.nspname as """"Schema"""","
2025-10-08 11:46:03.824,6827,ERROR,"syntax error at or near ""use"" at character 1"
2025-10-08 11:46:27.513,6827,LOG,"AUDIT: SESSION,3,1,READ,SELECT,TABLE,pg_catalog.pg_largeobject_metadata,""SELECT oid as """"ID"""","
2025-10-08 11:46:43.919,6827,LOG,"AUDIT: SESSION,4,1,READ,SELECT,TABLE,public.student,select * from student,<none>"
2025-10-08 11:47:19.769,6827,LOG,"AUDIT: SESSION,5,1,READ,SELECT,TABLE,public.student,select * from student,<none>"
2025-10-08 11:47:42.297,6827,LOG,"AUDIT: SESSION,6,1,READ,SELECT,TABLE,public.student,select * from student,<none>"
2025-10-08 11:47:49.809,6827,LOG,"AUDIT: SESSION,7,1,READ,SELECT,TABLE,public.student,select * from student,<none>"
2025-10-08 11:48:03.441,6827,LOG,"AUDIT: SESSION,8,1,READ,SELECT,TABLE,public.student,select * from student,<none>"
2025-10-08 11:48:28.185,6796,LOG,checkpoint starting: time
2025-10-08 11:48:28.246,6796,LOG,"checkpoint complete: wrote 0 buffers (0.0%), wrote 3 SLRU buffers; 0 WAL file(s) added, 0 removed, 0 recycled; write=0.014 s, sync=0.011 s, total=0.062 s; sync files=2, longest=0.006 s, average=0.006 s; distance=0 kB, estimate=0 kB; lsn=0/20A45D8, redo lsn=0/20A4580"
2025-10-08 11:52:03.110,6938,LOG,connection received: host=10.0.2.2 port=51665
2025-10-08 11:52:05.523,6941,LOG,connection received: host=10.0.2.2 port=51666
2025-10-08 11:52:05.553,6941,LOG,"connection authenticated: identity=""postgres"" method=scram-sha-256 (/etc/postgresql/18/main/pg_hba.conf:126)"
2025-10-08 11:52:05.555,6941,LOG,"connection authorized: user=postgres database=testdb application_name=psql SSL enabled (protocol=TLSv1.3, cipher=TLS_AES_256_GCM_SHA384, bits=256)"
2025-10-08 11:52:40.950,6941,LOG,"AUDIT: SESSION,1,1,READ,SELECT,TABLE,pg_catalog.pg_class,""SELECT n.nspname as """"Schema"""","
2025-10-08 11:52:40.954,6941,LOG,"AUDIT: SESSION,1,1,READ,SELECT,TABLE,pg_catalog.pg_namespace,""SELECT n.nspname as """"Schema"""","
2025-10-08 11:52:40.954,6941,LOG,"AUDIT: SESSION,1,1,READ,SELECT,TABLE,pg_catalog.pg_am,""SELECT n.nspname as """"Schema"""","
2025-10-08 11:53:08.928,6941,LOG,"AUDIT: SESSION,2,1,READ,SELECT,TABLE,public.sinhvien,select * from sinhvien,<none>"
2025-10-08 11:58:10.610,6827,LOG,"AUDIT: SESSION,9,1,READ,SELECT,TABLE,public.student,select * from student,<none>"
2025-10-08 12:12:53.441,6827,LOG,"AUDIT: SESSION,10,1,READ,SELECT,TABLE,public.student,select * from student,<none>"
2025-10-08 12:13:00.041,6827,LOG,"AUDIT: SESSION,11,1,READ,SELECT,TABLE,public.student,select * from student,<none>"
2025-10-08 12:14:21.209,6827,LOG,"AUDIT: SESSION,12,1,READ,SELECT,TABLE,public.student,select * from student,<none>"
2025-10-08 12:14:23.858,6827,LOG,"AUDIT: SESSION,13,1,READ,SELECT,TABLE,public.student,select * from student,<none>"
2025-10-08 12:14:25.801,6827,LOG,"AUDIT: SESSION,14,1,READ,SELECT,TABLE,public.student,select * from student,<none>"
2025-10-08 12:14:26.512,6827,LOG,"AUDIT: SESSION,15,1,READ,SELECT,TABLE,public.student,select * from student,<none>"
2025-10-08 12:14:27.033,6827,LOG,"AUDIT: SESSION,16,1,READ,SELECT,TABLE,public.student,select * from student,<none>"
2025-10-08 12:14:27.548,6827,LOG,"AUDIT: SESSION,17,1,READ,SELECT,TABLE,public.student,select * from student,<none>"
2025-10-08 12:14:28.017,6827,LOG,"AUDIT: SESSION,18,1,READ,SELECT,TABLE,public.student,select * from student,<none>"
2025-10-08 12:16:51.317,6941,LOG,"AUDIT: SESSION,3,1,READ,SELECT,TABLE,public.sinhvien,select * from sinhvien,<none>"
2025-10-08 12:17:11.107,6827,LOG,disconnection: session time: 0:33:18.510 user=postgres database=postgres host=10.0.2.2 port=55813
2025-10-08 12:17:14.730,7434,LOG,connection received: host=10.0.2.2 port=52762
2025-10-08 12:17:16.795,7435,LOG,connection received: host=10.0.2.2 port=52763
2025-10-08 12:17:16.827,7435,FATAL,"password authentication failed for user ""postgres"""
2025-10-08 12:17:16.827,7435,DETAIL,"Connection matched file ""/etc/postgresql/18/main/pg_hba.conf"" line 126: ""host    all             all             0.0.0.0/0               scram-sha-256"""
2025-10-08 12:17:16.837,7436,LOG,connection received: host=10.0.2.2 port=52764
2025-10-08 12:17:16.877,7436,FATAL,"password authentication failed for user ""postgres"""
2025-10-08 12:17:16.877,7436,DETAIL,"Connection matched file ""/etc/postgresql/18/main/pg_hba.conf"" line 126: ""host    all             all             0.0.0.0/0               scram-sha-256"""
2025-10-08 12:17:21.864,7439,LOG,connection received: host=10.0.2.2 port=52766
2025-10-08 12:17:24.292,7442,LOG,connection received: host=10.0.2.2 port=52767
2025-10-08 12:17:24.321,7442,FATAL,"password authentication failed for user ""postgres"""
2025-10-08 12:17:24.321,7442,DETAIL,"Connection matched file ""/etc/postgresql/18/main/pg_hba.conf"" line 126: ""host    all             all             0.0.0.0/0               scram-sha-256"""
2025-10-08 12:17:24.326,7443,LOG,connection received: host=10.0.2.2 port=52768
2025-10-08 12:17:24.350,7443,FATAL,"password authentication failed for user ""postgres"""
2025-10-08 12:17:24.350,7443,DETAIL,"Connection matched file ""/etc/postgresql/18/main/pg_hba.conf"" line 126: ""host    all             all             0.0.0.0/0               scram-sha-256"""
2025-10-08 12:17:45.186,7447,LOG,connection received: host=10.0.2.2 port=52769
2025-10-08 12:17:47.395,7448,LOG,connection received: host=10.0.2.2 port=52770
2025-10-08 12:17:47.425,7448,LOG,"connection authenticated: identity=""postgres"" method=scram-sha-256 (/etc/postgresql/18/main/pg_hba.conf:126)"
2025-10-08 12:17:47.425,7448,LOG,"connection authorized: user=postgres database=postgres application_name=psql SSL enabled (protocol=TLSv1.3, cipher=TLS_AES_256_GCM_SHA384, bits=256)"
2025-10-08 12:18:09.539,7448,ERROR,"relation ""abc"" does not exist at character 15"
2025-10-08 12:19:30.716,7448,ERROR,"relation ""abc"" does not exist at character 15"
2025-10-08 12:19:40.955,7448,ERROR,"relation ""sinhvien"" does not exist at character 15"
2025-10-08 12:19:46.247,7448,LOG,"AUDIT: SESSION,1,1,READ,SELECT,TABLE,public.student,select * from student,<none>"
2025-10-08 12:19:48.386,7448,LOG,"AUDIT: SESSION,2,1,READ,SELECT,TABLE,public.student,select * from student,<none>"
2025-10-08 12:19:49.107,7448,LOG,"AUDIT: SESSION,3,1,READ,SELECT,TABLE,public.student,select * from student,<none>"
2025-10-08 12:19:49.602,7448,LOG,"AUDIT: SESSION,4,1,READ,SELECT,TABLE,public.student,select * from student,<none>"
2025-10-08 12:19:50.067,7448,LOG,"AUDIT: SESSION,5,1,READ,SELECT,TABLE,public.student,select * from student,<none>"
2025-10-08 12:19:50.516,7448,LOG,"AUDIT: SESSION,6,1,READ,SELECT,TABLE,public.student,select * from student,<none>"
2025-10-08 12:19:51.089,7448,LOG,"AUDIT: SESSION,7,1,READ,SELECT,TABLE,public.student,select * from student,<none>"
2025-10-08 12:19:51.594,7448,LOG,"AUDIT: SESSION,8,1,READ,SELECT,TABLE,public.student,select * from student,<none>"
2025-10-08 12:19:53.131,7448,LOG,"AUDIT: SESSION,9,1,READ,SELECT,TABLE,public.student,select * from student,<none>"
2025-10-08 12:19:53.707,7448,LOG,"AUDIT: SESSION,10,1,READ,SELECT,TABLE,public.student,select * from student,<none>"
2025-10-08 12:19:54.227,7448,LOG,"AUDIT: SESSION,11,1,READ,SELECT,TABLE,public.student,select * from student,<none>"
2025-10-08 12:19:55.090,7448,LOG,"AUDIT: SESSION,12,1,READ,SELECT,TABLE,public.student,select * from student,<none>"
2025-10-08 12:20:13.380,7448,LOG,disconnection: session time: 0:02:25.984 user=postgres database=postgres host=10.0.2.2 port=52770
2025-10-08 12:20:16.029,6941,LOG,disconnection: session time: 0:28:10.506 user=postgres database=testdb host=10.0.2.2 port=51666
2025-10-08 12:22:42.306,6791,LOG,received fast shutdown request
2025-10-08 12:22:42.358,6791,LOG,aborting any active transactions
2025-10-08 12:22:42.846,6791,LOG,"background worker ""logical replication launcher"" (PID 6801) exited with exit code 1"
2025-10-08 12:22:42.867,6796,LOG,shutting down
2025-10-08 12:22:42.923,6796,LOG,checkpoint starting: shutdown immediate
2025-10-08 12:22:43.135,6796,LOG,"checkpoint complete: wrote 0 buffers (0.0%), wrote 0 SLRU buffers; 0 WAL file(s) added, 0 removed, 0 recycled; write=0.007 s, sync=0.001 s, total=0.249 s; sync files=0, longest=0.000 s, average=0.000 s; distance=0 kB, estimate=0 kB; lsn=0/20A4688, redo lsn=0/20A4688"
2025-10-08 12:22:43.676,6791,LOG,database system is shut down
2025-10-08 19:56:59.903,756,LOG,"starting PostgreSQL 18.0 (Ubuntu 18.0-1.pgdg22.04+3) on x86_64-pc-linux-gnu, compiled by gcc (Ubuntu 11.4.0-1ubuntu1~22.04.2) 11.4.0, 64-bit"
2025-10-08 19:56:59.990,756,LOG,"listening on IPv4 address ""0.0.0.0"", port 5432"
2025-10-08 19:56:59.990,756,LOG,"listening on IPv6 address ""::"", port 5432"
2025-10-08 19:57:00.158,756,LOG,"listening on Unix socket ""/var/run/postgresql/.s.PGSQL.5432"""
2025-10-08 19:57:00.873,892,LOG,database system was shut down at 2025-10-08 12:22:43 +07
2025-10-08 19:57:01.381,756,LOG,database system is ready to accept connections
2025-10-08 19:57:02.172,964,LOG,connection received: host=[local]
2025-10-08 19:57:03.205,1011,LOG,connection received: host=[local]
2025-10-08 19:57:03.302,1011,LOG,"connection authenticated: identity=""postgres"" method=peer (/etc/postgresql/18/main/pg_hba.conf:118)"
2025-10-08 19:57:03.302,1011,LOG,connection authorized: user=postgres database=template1 application_name=psql
2025-10-08 19:57:03.709,1011,LOG,disconnection: session time: 0:00:00.528 user=postgres database=template1 host=[local]
2025-10-08 19:57:04.431,1062,LOG,connection received: host=[local]
2025-10-08 19:57:04.470,1062,LOG,"connection authenticated: identity=""postgres"" method=peer (/etc/postgresql/18/main/pg_hba.conf:118)"
2025-10-08 19:57:04.470,1062,LOG,connection authorized: user=postgres database=template1 application_name=psql
2025-10-08 19:57:04.524,1062,LOG,disconnection: session time: 0:00:00.104 user=postgres database=template1 host=[local]
2025-10-08 19:57:05.271,1067,LOG,connection received: host=[local]
2025-10-08 19:57:05.273,1067,LOG,"connection authenticated: identity=""postgres"" method=peer (/etc/postgresql/18/main/pg_hba.conf:118)"
2025-10-08 19:57:05.315,1067,LOG,connection authorized: user=postgres database=template1 application_name=psql
2025-10-08 19:57:05.353,1067,LOG,disconnection: session time: 0:00:00.089 user=postgres database=template1 host=[local]
2025-10-08 20:02:03.362,890,LOG,checkpoint starting: time
2025-10-08 20:02:03.459,890,LOG,"checkpoint complete: wrote 0 buffers (0.0%), wrote 3 SLRU buffers; 0 WAL file(s) added, 0 removed, 0 recycled; write=0.031 s, sync=0.011 s, total=0.101 s; sync files=2, longest=0.006 s, average=0.005 s; distance=0 kB, estimate=0 kB; lsn=0/20A4790, redo lsn=0/20A4738"
2025-10-08 20:18:15.976,4632,LOG,connection received: host=10.0.2.2 port=51335
2025-10-08 20:18:19.703,4634,LOG,connection received: host=10.0.2.2 port=51336
2025-10-08 20:18:19.734,4634,LOG,"connection authenticated: identity=""postgres"" method=scram-sha-256 (/etc/postgresql/18/main/pg_hba.conf:126)"
2025-10-08 20:18:19.734,4634,LOG,"connection authorized: user=postgres database=postgres application_name=psql SSL enabled (protocol=TLSv1.3, cipher=TLS_AES_256_GCM_SHA384, bits=256)"
2025-10-08 20:19:05.059,4634,LOG,"AUDIT: SESSION,1,1,READ,SELECT,TABLE,pg_catalog.pg_database,""SELECT"
2025-10-08 20:20:03.251,4634,LOG,"AUDIT: SESSION,2,1,ROLE,CREATE ROLE,,,CREATE USER user1 WITH PASSWORD <REDACTED>,<none>"
2025-10-08 20:21:46.196,4634,LOG,disconnection: session time: 0:03:26.493 user=postgres database=postgres host=10.0.2.2 port=51336
2025-10-08 20:21:51.135,4669,LOG,connection received: host=10.0.2.2 port=50865
2025-10-08 20:21:53.461,4670,LOG,connection received: host=10.0.2.2 port=50866
2025-10-08 20:21:53.491,4670,LOG,"connection authenticated: identity=""postgres"" method=scram-sha-256 (/etc/postgresql/18/main/pg_hba.conf:126)"
2025-10-08 20:21:53.492,4670,LOG,"connection authorized: user=postgres database=testdb application_name=psql SSL enabled (protocol=TLSv1.3, cipher=TLS_AES_256_GCM_SHA384, bits=256)"
2025-10-08 20:22:03.288,4670,LOG,"AUDIT: SESSION,1,1,ROLE,GRANT,,,GRANT USAGE ON SCHEMA public TO user1,<none>"
2025-10-08 20:22:03.862,890,LOG,checkpoint starting: time
2025-10-08 20:22:04.748,890,LOG,"checkpoint complete: wrote 8 buffers (0.0%), wrote 1 SLRU buffers; 0 WAL file(s) added, 0 removed, 0 recycled; write=0.829 s, sync=0.022 s, total=0.889 s; sync files=9, longest=0.011 s, average=0.003 s; distance=6 kB, estimate=6 kB; lsn=0/20A6028, redo lsn=0/20A5FB8"
2025-10-08 20:22:25.481,4670,LOG,"AUDIT: SESSION,2,1,ROLE,GRANT,,,GRANT SELECT ON ALL TABLES IN SCHEMA public TO user1,<none>"
2025-10-08 20:22:48.818,4670,LOG,"AUDIT: SESSION,3,1,ROLE,ALTER DEFAULT PRIVILEGES,,,ALTER DEFAULT PRIVILEGES IN SCHEMA public GRANT SELECT ON TABLES TO user1,<none>"
2025-10-08 20:22:57.859,4670,LOG,disconnection: session time: 0:01:04.397 user=postgres database=testdb host=10.0.2.2 port=50866
2025-10-08 20:23:10.331,4684,LOG,connection received: host=10.0.2.2 port=65151
2025-10-08 20:23:12.549,4685,LOG,connection received: host=10.0.2.2 port=62564
2025-10-08 20:23:12.581,4685,LOG,"connection authenticated: identity=""user1"" method=scram-sha-256 (/etc/postgresql/18/main/pg_hba.conf:126)"
2025-10-08 20:23:12.581,4685,LOG,"connection authorized: user=user1 database=testdb application_name=psql SSL enabled (protocol=TLSv1.3, cipher=TLS_AES_256_GCM_SHA384, bits=256)"
2025-10-08 20:23:16.307,4685,LOG,"AUDIT: SESSION,1,1,READ,SELECT,TABLE,pg_catalog.pg_class,""SELECT n.nspname as """"Schema"""","
2025-10-08 20:23:16.307,4685,LOG,"AUDIT: SESSION,1,1,READ,SELECT,TABLE,pg_catalog.pg_namespace,""SELECT n.nspname as """"Schema"""","
2025-10-08 20:23:16.307,4685,LOG,"AUDIT: SESSION,1,1,READ,SELECT,TABLE,pg_catalog.pg_am,""SELECT n.nspname as """"Schema"""","
2025-10-08 20:24:24.170,4685,LOG,"AUDIT: SESSION,2,1,READ,SELECT,TABLE,public.sinhvien,select * from sinhvien,<none>"
2025-10-08 20:25:00.151,4685,ERROR,permission denied for table sinhvien
2025-10-08 20:25:38.906,4685,LOG,disconnection: session time: 0:02:26.356 user=user1 database=testdb host=10.0.2.2 port=62564
2025-10-08 20:27:03.848,890,LOG,checkpoint starting: time
2025-10-08 20:27:05.338,890,LOG,"checkpoint complete: wrote 14 buffers (0.1%), wrote 1 SLRU buffers; 0 WAL file(s) added, 0 removed, 0 recycled; write=1.424 s, sync=0.036 s, total=1.490 s; sync files=13, longest=0.020 s, average=0.003 s; distance=21 kB, estimate=21 kB; lsn=0/20AB508, redo lsn=0/20AB4B0"
2025-10-08 21:13:31.375,756,LOG,received fast shutdown request
2025-10-08 21:13:31.394,756,LOG,aborting any active transactions
2025-10-08 21:13:31.989,756,LOG,"background worker ""logical replication launcher"" (PID 939) exited with exit code 1"
2025-10-08 21:13:31.990,890,LOG,shutting down
2025-10-08 21:13:32.012,890,LOG,checkpoint starting: shutdown immediate
2025-10-08 21:13:32.224,890,LOG,"checkpoint complete: wrote 0 buffers (0.0%), wrote 0 SLRU buffers; 0 WAL file(s) added, 0 removed, 0 recycled; write=0.130 s, sync=0.001 s, total=0.223 s; sync files=0, longest=0.000 s, average=0.000 s; distance=0 kB, estimate=19 kB; lsn=0/20AB5B8, redo lsn=0/20AB5B8"
2025-10-08 21:13:32.502,756,LOG,database system is shut down
2025-10-09 09:39:25.921,789,LOG,"starting PostgreSQL 18.0 (Ubuntu 18.0-1.pgdg22.04+3) on x86_64-pc-linux-gnu, compiled by gcc (Ubuntu 11.4.0-1ubuntu1~22.04.2) 11.4.0, 64-bit"
2025-10-09 09:39:25.952,789,LOG,"listening on IPv4 address ""0.0.0.0"", port 5432"
2025-10-09 09:39:25.952,789,LOG,"listening on IPv6 address ""::"", port 5432"
2025-10-09 09:39:26.024,789,LOG,"listening on Unix socket ""/var/run/postgresql/.s.PGSQL.5432"""
2025-10-09 09:39:26.960,945,LOG,database system was shut down at 2025-10-08 21:13:32 +07
2025-10-09 09:39:27.413,789,LOG,database system is ready to accept connections
2025-10-09 09:39:28.137,1024,LOG,connection received: host=[local]
2025-10-09 09:39:29.164,1056,LOG,connection received: host=[local]
2025-10-09 09:39:29.231,1056,LOG,"connection authenticated: identity=""postgres"" method=peer (/etc/postgresql/18/main/pg_hba.conf:118)"
2025-10-09 09:39:29.237,1056,LOG,connection authorized: user=postgres database=template1 application_name=psql
2025-10-09 09:39:29.796,1056,LOG,disconnection: session time: 0:00:00.641 user=postgres database=template1 host=[local]
2025-10-09 09:39:30.620,1075,LOG,connection received: host=[local]
2025-10-09 09:39:30.672,1075,LOG,"connection authenticated: identity=""postgres"" method=peer (/etc/postgresql/18/main/pg_hba.conf:118)"
2025-10-09 09:39:30.672,1075,LOG,connection authorized: user=postgres database=template1 application_name=psql
2025-10-09 09:39:30.739,1075,LOG,disconnection: session time: 0:00:00.131 user=postgres database=template1 host=[local]
2025-10-09 09:39:31.472,1078,LOG,connection received: host=[local]
2025-10-09 09:39:31.475,1078,LOG,"connection authenticated: identity=""postgres"" method=peer (/etc/postgresql/18/main/pg_hba.conf:118)"
2025-10-09 09:39:31.544,1078,LOG,connection authorized: user=postgres database=template1 application_name=psql
2025-10-09 09:39:31.612,1078,LOG,disconnection: session time: 0:00:00.147 user=postgres database=template1 host=[local]
2025-10-09 09:44:29.626,938,LOG,checkpoint starting: time
2025-10-09 09:44:29.706,938,LOG,"checkpoint complete: wrote 0 buffers (0.0%), wrote 3 SLRU buffers; 0 WAL file(s) added, 0 removed, 0 recycled; write=0.027 s, sync=0.006 s, total=0.085 s; sync files=2, longest=0.004 s, average=0.003 s; distance=0 kB, estimate=0 kB; lsn=0/20AB6C0, redo lsn=0/20AB668"
